ts,cpu_percent,mem_percent,net_in_kbps,label
0,144.75911612318475,84.53926990545482,1132.8763832136917,0
1,148.37551579753574,86.49329611904153,1151.6253521634812,0
2,146.86667687515688,86.86196251110997,1134.5684159954526,0
3,142.91492747834815,90.14273930893172,1127.1191121613265,0
4,144.5216766405767,88.0618620992574,1128.8093514916802,0
5,137.7814550463357,85.32157170901516,1126.225924577626,0
6,141.30544110125618,84.28266092433645,1139.2299292034263,0
7,140.83661100130067,81.68537130196205,1190.9407757168883,0
8,146.4781413284853,79.06753087855793,1197.3782157102291,0
9,141.41824312568392,80.43163065340569,1186.4712673917222,0
10,144.2651407289657,80.51573199423865,1167.1161013597955,0
11,144.02607568739018,79.6188315096972,1162.2997541248785,0
12,143.0644030483731,78.8763852704855,1148.227484789846,0
13,138.95487265273664,77.68190994183283,1155.2407316694773,0
14,140.71063741747264,80.95116932207173,1161.9895772508414,0
15,142.67658810293614,79.41769643791861,1154.9795927141,0
16,147.93951258117553,76.68096971409373,1184.6614589931985,0
17,150.8426651158293,78.15207269513837,1173.5087509506723,0
18,148.91334976350964,77.57293208299029,1171.569655566747,0
19,145.7298297389629,81.47854718693185,1180.9851632814,0
20,141.43083173112333,80.23261220207115,1194.1724629806752,0
21,145.63844161166023,81.71251740520323,1213.1240476474416,0
22,143.07666051599253,83.64965382356775,1219.324236589506,0
23,147.27848079186683,82.36811282812411,1234.8490577702862,0
24,148.60698360725192,80.63555798510492,1224.6257218826663,0
25,149.34602578490518,81.86762457983814,1238.1462848207934,0
26,148.1747543800957,82.76674194853739,1251.4665556060106,0
27,149.91005981190133,79.69880843991442,1273.9131424201128,0
28,149.62477819235127,77.20306783626535,1248.647733205645,0
29,148.2898800751108,71.90294958353526,1234.8127282287949,0
30,150.16583127867386,72.88166013511135,1246.9477796129227,0
31,149.54039124373804,72.16448204156742,1206.9837887074295,0
32,146.97345463382737,71.66824892592265,1214.1919490405605,0
33,148.62530559475687,68.1377313650665,1229.9413860490783,0
34,148.31235037394316,65.82052840495984,1221.174759081894,0
35,149.6866214815583,64.77215165216644,1214.629450152557,0
36,148.26258043762869,63.36503898300373,1198.4549284750915,0
37,144.60373756818666,63.56923217863982,1190.600242723721,0
38,149.80895945572945,64.73616843190345,1183.2117151942948,0
39,154.48027264341937,69.30687252587302,1173.0005750327111,0
40,157.1940889960723,69.32929993467823,1161.9978638348107,0
41,156.12311586760777,71.65256418853039,1158.0252509891432,0
42,155.34316020205256,70.11361688849885,1153.8996845082293,0
43,159.6377719051944,66.91135362400058,1182.1592923715975,0
44,158.74821406618636,66.37868260427456,1176.4184474985366,0
45,157.0440696644169,63.3767628757985,1181.774224448687,0
46,162.8728368477078,63.61817236651821,1173.333043107924,0
47,162.95706204570024,62.28452236033496,1164.7163647131363,0
48,168.5012073622814,58.61484891786544,1139.3896759781865,0
49,164.5527449374125,62.333612516786886,1116.065895568221,0
50,166.35796605289462,61.509155557704744,1098.2115878405548,0
51,172.82188031767308,58.48458341894495,1101.2177068290844,0
52,173.15784585885078,60.52764030716063,1117.6070249655543,0
53,172.60470171308702,59.309280913121704,1091.0459263931612,0
54,169.32870420312582,61.7168712233371,1083.0370326157629,0
55,172.78779652281312,60.46214571036253,1062.7457351318894,0
56,170.67093598216346,59.57387403710936,1058.9751024271586,0
57,170.5584425776877,60.43546972975765,1075.28357710646,0
58,167.00256510376232,61.76953785661833,1068.7279704477928,0
59,171.79424715798262,63.42750358522753,1068.1362141187253,0
60,175.35136201781796,63.340480235427144,1090.0570989922683,0
61,175.31906923904563,64.46017514740338,1096.988074418754,0
62,171.888101387684,65.98291131664938,1085.6181755369012,0
63,176.4958225354119,66.38404959378309,1088.001904824437,0
64,175.3665483988713,66.06725441185533,1075.5571906980035,0
65,171.98847240755168,63.114203046526,1081.8019594201762,0
66,166.60965944247576,64.2200924324277,1089.4396028036094,0
67,164.55076579286643,64.183441576782,1068.8112090422048,0
68,160.03922205982417,63.20858050662813,1071.290820937539,0
69,157.99882727656149,65.59218096011725,1069.355289793906,0
70,160.0385297703822,62.54298998701819,1077.3319270442153,0
71,158.70026612207496,65.61899946136644,1089.5900696531205,0
72,159.54008802558204,65.34719466126344,1096.5245554721557,0
73,157.1312147159457,65.7433616872296,1091.7377858404197,0
74,157.0800086078373,64.70656015096795,1105.4910228461786,0
75,162.59204460696674,61.12174785879267,1092.1444147343964,0
76,161.29591990575744,60.591861594732514,1072.085918366725,0
77,162.20249491141533,61.014638101317,1023.9099047911121,0
78,157.26704389797035,62.12821966308253,1022.6189211840151,0
79,161.60010402238692,61.50489502337066,1010.0684663487796,0
80,159.9564209791708,56.9077521845803,1015.8227203335282,0
81,162.91449822161786,53.63090578814263,986.0607857155903,0
82,162.37302506064694,57.56301276197501,976.1811751784036,0
83,164.0601337902569,55.230311428978325,983.0875944009184,0
84,165.9521728179619,57.96341209152874,967.5190539517556,0
85,164.5023928717655,56.00277968903528,973.5654462532904,0
86,167.71565071018398,55.57540640071247,965.1476458584026,0
87,165.40721716280552,56.79434396451312,964.6240422563035,0
88,167.74101982288815,55.15395507135136,973.5514123525563,0
89,166.6018828957877,58.36986429826864,987.8748466546853,0
90,167.71301821055096,58.58378248327253,989.3246942933614,0
91,166.41949813114644,59.59794310353014,977.2069987978385,0
92,166.69042430919424,59.183727341419896,970.4574141160718,0
93,163.6139725695714,60.64879728090653,980.1593739278286,0
94,164.528575797332,63.97831503430046,965.0125024492837,0
95,164.85466300948315,63.909266866326455,962.535027206953,0
96,163.44626550364728,67.58075560420644,956.9588288879124,0
97,163.50843984731046,66.58482223028228,955.635660380962,0
98,164.14932260685381,68.35188364002535,940.735291773261,0
99,162.5469647542596,69.57682561971255,913.2028397972805,0
100,162.4113554941992,67.69032794147643,921.2646455038038,0
101,159.64536613864303,68.36861381787969,935.977283323262,0
102,166.92927856272718,68.63005900078154,909.3413722679908,0
103,170.34550387439137,67.1625439792675,915.1141340129237,0
104,171.39204443412007,68.10580709048983,931.5891359784355,0
105,175.1204463729317,68.61044933908836,940.7398648362517,0
106,169.37621265015278,68.65879915174636,934.6833358633833,0
107,161.87510571034497,68.69357648732321,920.7028225908161,0
108,160.82486189054768,68.66118533492842,922.0651231465183,0
109,156.8101677136694,68.04678434636376,925.9028972831496,0
110,156.19281006798266,68.418911464052,927.4324688781463,0
111,156.87224145863445,67.19354450819151,924.79291089525,0
112,159.66496390905542,72.53864244653067,908.5846139888077,0
113,156.2501719562298,69.71997595560005,914.9249383584405,0
114,157.41758505931085,68.51902484573196,921.9562768192442,0
115,157.39829266990046,67.44507916771101,924.9061472323021,0
116,158.34836167204145,71.43360706870182,926.4785929807128,0
117,156.66804756585265,68.67233951481882,951.5463370429763,0
118,160.66982361998657,69.37655474533858,942.033025908923,0
119,160.18736540100318,69.70141060173745,961.0826200970786,0
120,165.31638836424204,70.17509150381413,949.8787293514786,0
121,162.73315924681387,72.4357146726545,966.3009247894435,0
122,164.73438302384645,74.6401151493146,984.5741797978176,0
123,164.3165082511252,73.4993321652347,979.9395424157498,0
124,163.08656769392383,73.6406537570216,1004.6072749194611,0
125,164.73284724819786,69.66178322558869,1011.3921467535239,0
126,163.58466034350047,69.60930277550393,997.9823936692868,0
127,155.3520510248274,67.774610612639,992.1233314462476,0
128,145.92457732426485,67.16297642967832,1008.8758967068077,0
129,149.51458556228292,63.56497445721086,1022.4946089921234,0
130,152.99329777954048,64.1626558742675,1006.4119398150525,0
131,158.4617969110359,60.57599477584385,1004.1295564249225,0
132,158.23727989249514,60.70063171573282,1007.010468892876,0
133,154.21174612104903,58.09999116423528,999.2487706912895,0
134,152.831996339168,56.27971084003549,1034.4947682879822,0
135,152.7738109575937,58.49671611746755,1037.907265511404,0
136,149.6902348158713,59.61009054042772,1036.9176211789909,0
137,154.60448002939373,61.87701786036965,1054.7489078874632,0
138,161.32298866832494,64.99647212537222,1049.2707048648806,0
139,162.78930972591462,63.482273666491864,1064.4135979795396,0
140,162.81917995468712,66.54267846024067,1039.460073514662,0
141,159.02673794692208,63.70412607554113,1032.7477217486369,0
142,163.78703788931824,65.31732499855896,1048.6047762782234,0
143,164.16358768731783,64.47827893481146,1072.305371452521,0
144,163.46802676578022,62.78961092322702,1060.8778680311252,0
145,165.10507273907623,64.21207436510835,1047.7240671951179,0
146,163.56000130849023,66.31404057182829,1056.4478268070563,0
147,164.22788507068975,68.37183558795546,1047.3295766261247,0
148,160.1393538491924,69.0404246967847,1043.5397771908338,0
149,163.6473287241508,69.55105260664426,1056.9325658690918,0
150,163.5847620678724,70.85545224517267,1049.0216996120103,0
151,167.31183111690305,71.71364686333567,1019.7909798061037,0
152,166.9551358905793,73.04307184970872,1000.5214265792166,0
153,166.785406095267,73.6899401029698,1000.9096296960604,0
154,163.3757120532252,75.60276599481661,973.1855407118012,0
155,165.86704612866114,72.56041353809727,968.940197608723,0
156,163.43304997386429,72.49139029519692,948.2522735723355,0
157,162.1457151279608,69.89562958119994,973.0232909490137,0
158,162.29648605166088,70.59666298186218,1005.6480592359512,0
159,162.78115685665696,74.00152158749758,989.8961009547482,0
160,157.75532496366196,73.14581095126191,993.8399400829752,0
161,157.12536883606498,73.46277648072342,979.4963455718895,0
162,159.54253844739526,75.00722886596586,974.888090496471,0
163,158.40752434382358,70.8717830024328,1001.9401304158082,0
164,157.70185012578443,69.79608308274527,994.9083232445117,0
165,158.12660680944555,70.4626529324239,990.555299842088,0
166,157.65626658414627,64.57620455345108,976.3249019060142,0
167,154.44372182305545,62.501589313373124,993.3967443170591,0
168,154.1870540866023,64.55567589468326,944.3001144137463,0
169,156.99734132292576,66.3897374218905,937.4862223170778,0
170,153.65028977385208,66.94485016935828,936.6044071977734,0
171,152.3147809490131,68.49718229286312,926.4761840936283,0
172,147.9426287343738,68.70013251887195,939.2021084667616,0
173,150.5279052548052,69.57205300271696,956.9936483952791,0
174,150.00411732709046,68.69403227783462,935.5663423948854,0
175,147.20285195914425,68.67499117655021,966.7179757343188,0
176,147.22898229244518,67.15958393658994,945.1184269018875,0
177,143.37146834055773,69.43983731775346,964.201173819824,0
178,140.03211241513688,72.24408680571823,966.2097199668198,0
179,135.42445358274745,74.7766541642783,958.4269452672785,0
180,132.01205271369372,73.74837348454106,952.0743781657594,0
181,135.89054175842074,71.64730169853846,951.3781625985823,0
182,133.51925449087872,74.02931674634458,954.3324982528447,0
183,134.77030049338072,74.96950178607494,940.3825536168195,0
184,132.14039797958495,75.50567221519422,936.7524559977156,0
185,134.32654028921633,74.14594911764567,925.0999047261434,0
186,131.1858328175553,74.93481527405213,906.8117003511683,0
187,131.2720376454414,72.73278019932908,894.5205458589006,0
188,131.43059157504825,74.00090491148715,877.2709263684691,0
189,138.4454865397272,76.79015726609875,871.0000816326104,0
190,140.39922387253478,80.11470982278172,877.5496666835037,0
191,138.71297075720523,81.62421685865962,879.4527809238315,0
192,140.88911590208477,78.98117201334539,909.1889508276693,0
193,147.45126867899285,79.52346164068987,876.1797849873229,0
194,142.73429268123417,83.9747574024995,883.39183175423,0
195,140.4003702608004,82.43105792888736,883.6816590393677,0
196,139.90174073984204,82.52475793944843,896.1287773313287,0
197,138.87773430125029,85.57906488588446,907.103013638819,0
198,138.11833353730026,87.05220206107128,904.8670067178309,0
199,134.45235004772167,92.2592280172426,907.7034892978834,0
200,138.9148846755003,91.04415571791404,896.7931175712347,0
201,134.89772534719907,89.315310613561,906.2489837286801,0
202,134.54380022553266,92.01027479243244,878.3125562540407,0
203,137.9201613318544,89.85738686692902,890.20382216482,0
204,138.05686500325092,89.69110913212803,890.0834787441124,0
205,135.33074565892414,89.77187919879039,882.9896113330277,0
206,131.47824239707467,92.03738185283466,879.6951370485992,0
207,130.96017708268553,93.43785006257936,877.4791258034677,0
208,128.8367177505866,94.49960925638553,897.0863115761276,0
209,129.57340927962355,93.8157457545102,945.7097147787835,0
210,125.46151476410927,96.33821272033236,964.1002360686973,0
211,127.96308344363919,104.45232227465397,955.6828107492181,0
212,128.34121096853175,105.86636542789896,965.1610170688964,0
213,128.91072015158917,106.06570984299263,975.2609545597587,0
214,133.2024715309101,103.43850494560914,961.3520647676513,0
215,131.8266235669274,102.10108057810777,942.377613840474,0
216,129.55671455506948,101.58120118255489,941.3359409790639,0
217,127.79242541610083,100.39100244809262,953.3305567656574,0
218,127.06721634207861,100.21121741358647,929.0058033861835,0
219,126.62238938401042,103.59531729350684,918.0204030976732,0
220,123.93677246693268,105.89612742097289,926.4166550252569,0
221,117.65545355145197,105.36639883165485,926.8304460679341,0
222,115.74540830598079,102.72258069948906,947.8472921340849,0
223,116.58601597380182,105.15844665425425,926.4379109919001,0
224,116.74807758536119,104.81362480013041,961.4736716864408,0
225,120.09607452771007,101.1099574817971,938.1531185657685,0
226,125.71186769247282,102.28415125165456,907.4649963162161,0
227,127.74315569964712,104.0888113129204,906.3345913165554,0
228,131.65184829583217,98.99812517201141,889.0788380618255,0
229,133.72491292978745,97.12175764491153,888.2702448583184,0
230,138.64254754118807,96.68878646591457,886.9522785176168,0
231,144.00158473678945,97.96428458125939,883.8221416287329,0
232,146.683147975432,96.76085913831685,871.014043872087,0
233,148.65465904925335,94.94894596891652,877.35625679533,0
234,147.91796427951323,96.28228621434909,872.4752018198943,0
235,147.7014935089632,95.25318254006248,888.9377159535576,0
236,146.62552004604538,96.27483037229281,886.1696706967658,0
237,148.4577959233314,94.02032010694447,871.6684803983678,0
238,146.29675181125333,91.31565406847167,846.3528221207171,0
239,145.75491213731277,92.85767133901163,843.8026596043907,0
240,138.75186395064492,93.42517262851312,824.8270525028183,0
241,144.01359256262074,95.36254302264382,804.670083620405,0
242,143.4731670687898,94.41835527472894,812.7029415115379,0
243,144.98753774625197,92.97577403522189,786.1855199595394,0
244,149.53283010408038,95.86914408399792,807.5403529082273,0
245,150.62723412367635,93.01675026328141,810.1296223814328,0
246,155.17232838633817,95.73173483802417,809.68404607244,0
247,151.67437319271815,98.600002495823,794.3898152070153,0
248,159.10537229255087,100.5590508553948,806.094268983199,0
249,162.6134161952183,99.43014912857501,806.2974082864391,0
250,163.49169013980682,98.04776792225289,796.2566251124557,0
251,168.01759460481176,97.87832284338512,799.5046620293582,0
252,164.75840325404474,95.53495679692342,774.5095935049686,0
253,164.1314279487759,93.85043813045587,750.2185558627712,0
254,168.69143738081712,95.36716495630805,733.643022826089,0
255,163.30231999451374,96.87792634113788,739.0979949966162,0
256,165.1772170266626,94.97230039534038,739.2426438767967,0
257,166.94567777989226,96.49647653963474,755.1492651338272,0
258,173.0009845958112,97.5527125165668,741.497046716751,0
259,168.3731165905725,100.69348327964902,750.2380625778991,0
260,173.29446868932564,101.92421509104233,748.6224632196281,0
261,171.678517928746,104.10383866737816,734.5392467673813,0
262,170.36896850440962,105.08947280463774,740.3503407834743,0
263,166.70295534353022,107.04933102403211,739.3601629097958,0
264,163.4079202757303,104.4436177554974,729.8918960422156,0
265,164.556025849225,104.1376673724085,730.4594208805099,0
266,161.12657117722264,103.96724290829518,728.4240061637909,0
267,163.2264259242534,103.35874476049659,725.9976868821003,0
268,161.08989841789167,104.0988886556776,719.6611602679859,0
269,157.27886472665153,105.1957156909749,699.914999910887,0
270,155.50191358029943,105.78670613784477,700.8429574420377,0
271,156.29997199918682,105.22075521902057,688.5901786798349,0
272,155.2406539705597,103.52203681649625,673.0579874223399,0
273,155.10441499451844,105.47753963376907,669.2086204297611,0
274,156.9463240728256,105.93029195979564,679.9723052851426,0
275,159.94292196054784,103.64239777586822,682.5058414333788,0
276,158.76196956765094,103.00435622544036,674.2880418408863,0
277,155.38259021372136,99.27104356282453,665.4711376656675,0
278,155.37200431944925,99.10291546047978,674.7694672674593,0
279,156.5566948349274,98.47889733244851,638.5911724829166,0
280,151.96245576063004,97.11790027535632,650.3395841645273,0
281,149.09710716233485,100.09357694769096,622.0358238332998,0
282,146.7676142007518,97.60933643491254,600.6327729347609,0
283,145.99651826913825,98.87449297282475,592.77115610036,0
284,143.59241830432987,103.12691104076049,625.2020199903947,0
285,145.6210815519623,105.1889879205356,650.2708514629504,0
286,140.74322047872,105.06344888747299,660.8057063310404,0
287,135.97258543173754,102.76383265322717,666.122363050073,0
288,134.97091899720317,100.03970830005825,638.1882085298859,0
289,134.47543954018275,99.24808386554238,640.5710599284955,0
290,130.17396939047552,97.93654386658163,632.395198618963,0
291,128.44618179019108,96.58990897632364,620.2376175422804,0
292,127.36404859186183,96.05828031930915,622.6806621458285,0
293,126.33178411624783,96.00141549899023,615.7616413695803,0
294,126.9593608398099,97.14377166797503,628.9730668328073,0
295,125.16814789381166,94.8617029363226,600.1272690258897,0
296,129.813719950218,93.70927850043802,601.464503517461,0
297,131.5055921122528,93.61719257762712,588.5053034075844,0
298,129.32312088136845,93.46509152182023,582.5996353048886,0
299,129.8533686686723,97.38465224384818,587.4157449042783,0
300,130.47608109161771,98.09981189642451,570.9067934322559,0
301,134.37091198223965,95.12329873963427,573.6209419890714,0
302,132.81647800269172,96.20637477000889,570.6825822181336,0
303,135.35736342689307,97.53657154653649,561.0126485715199,0
304,135.71018509707457,97.5135737328811,554.1813195241901,0
305,140.3969478028024,95.29884354044422,552.0751043127677,0
306,144.46314586799303,99.00847663834357,540.751080331592,0
307,145.22601605546507,97.04064108487526,541.0294297351704,0
308,144.58679755786935,98.50981486315958,537.0044097756318,0
309,146.2276135408357,99.03091417521546,527.9561699735555,0
310,145.77872238711245,100.32499420093326,551.8962624097584,0
311,150.88210517391457,103.80117151813499,558.1873227170498,0
312,151.14899436384474,104.95592821781622,552.4781181831047,0
313,149.93206646630625,103.83859976372916,554.6660246454753,0
314,148.5217422526853,106.01910535858592,539.2322436384735,0
315,144.82017402822208,104.69444498963061,532.6182080679276,0
316,146.3973924848438,104.92910208476287,527.7245873836957,0
317,143.81636062299728,102.22193661480328,508.9016804811195,0
318,146.9631760141081,100.00774479467734,514.5643618355833,0
319,142.91243857840914,99.9385858618555,506.80823902269674,0
320,143.1006392180565,100.48123557174483,501.2827153037132,0
321,146.3392473371673,96.86439116998125,492.5398542604814,0
322,139.65524790046234,97.6317076631485,536.6989548772938,0
323,145.47117520079925,95.75398037891226,526.520858293644,0
324,143.94860630200384,98.06664310305348,495.2439906781555,0
325,144.12122598136165,97.11204777827588,470.9943446466443,0
326,145.58490719078205,94.61413677204729,482.1332175199472,0
327,147.5165810519276,94.51903258076467,501.93329458799303,0
328,148.099363535667,92.4476932475676,491.46746738636057,0
329,150.86425904395205,94.75832528759976,510.4244541880584,0
330,152.20940802633598,94.54732254628446,521.3362410293151,0
331,157.29852773916045,94.05044559282544,518.3005153572514,0
332,158.69357809403004,95.06211535699325,514.2218888269991,0
333,164.43985528822685,92.90459111314021,516.7873128577816,0
334,167.0220935550118,90.20528554855518,529.8281519361581,0
335,161.51238425004874,90.92952977978018,535.6951114924252,0
336,169.2832308163452,88.6677268948955,525.4805254965777,0
337,167.52871953551437,86.43622763199741,522.8359408357838,0
338,172.0153515811196,88.10973969443918,552.5548926566127,0
339,172.12721086587706,89.19134686980624,556.3545785714547,0
340,175.37294310755186,86.74614925376748,569.4569214435609,0
341,173.39996530261277,85.60033609554307,577.6476551799576,0
342,175.39819718580955,83.91387123757845,581.8690195938512,0
343,174.78625491507876,87.61413919911207,583.6471324595296,0
344,179.69519652354265,89.59809232794747,597.2799241130986,0
345,181.2047247330661,88.94992634320937,608.2530813500313,0
346,184.22461581335227,90.31437887827785,612.423546676586,0
347,177.95964344176716,87.82926474925029,602.2443670362018,0
348,177.94179473344093,86.72284177791092,608.2666184504684,0
349,179.4201629458169,87.17928161699581,607.5082127106482,0
350,180.34167413226461,88.33440958241623,603.1350405076007,0
351,183.47581224054682,88.39015779851798,643.5673465992203,0
352,182.62481281233556,89.13289812714751,620.728290290804,0
353,183.0100434584791,89.52844037809342,635.3448525077058,0
354,186.78098199455812,89.42854381688286,622.6320465867325,0
355,180.15697814060354,89.04831578888259,624.8120420832649,0
356,182.11855335279103,88.38930975079944,663.5343785768902,0
357,181.28883114850458,89.02511704175082,649.2707759282234,0
358,178.69950614029617,89.9943775856022,638.5603154712669,0
359,179.8301370670521,90.51209417416787,638.418607667921,0
360,183.60494988513634,88.24735900182402,625.8028122311088,0
361,186.78484284845595,86.31196476840472,639.1261189640803,0
362,186.41098271113523,87.14120733570002,631.1396563785302,0
363,189.0382056024181,90.08455393704176,640.9498009807701,0
364,191.61093034235645,90.35790590476012,620.9804850483699,0
365,191.28635506200987,89.47210761093905,593.8155510471894,0
366,189.114654478387,89.82832959416635,590.2883174352355,0
367,187.08795413109198,87.43368849521147,566.6397016107435,0
368,189.45388481224396,89.90394544283195,589.2661059367729,0
369,189.15551209741167,90.1052014581538,566.1471213056537,0
370,185.82344173094748,88.57276332446028,550.3882972833209,0
371,180.55679006803857,88.02710923589301,556.3805324090584,0
372,182.82502618149366,86.74577852893172,547.3578149152943,0
373,180.94582158366134,89.13024915152573,524.3431260362406,0
374,181.69027154342817,88.47905566543051,554.6958751301188,0
375,185.15872579750692,88.5391206905331,539.4207016155966,0
376,180.98128589981786,89.43590713670706,536.2261680360197,0
377,180.59916045107823,87.70766062197688,532.8415669272282,0
378,179.84820868138198,87.85621022320754,543.2573348756872,0
379,180.7601790654318,88.1778231191619,549.965363542919,0
380,184.26559590431157,84.85760232073913,537.3512848205725,0
381,180.08371675305193,85.16947159102192,532.2703528516504,0
382,181.621178325475,84.90601518744144,528.694584074829,0
383,184.5681202850037,85.01831840622098,539.781347182355,0
384,183.88799083920532,84.9685795792741,522.135520205548,0
385,183.38319093286768,85.394460397516,552.3147196292265,0
386,184.57607757095536,88.00668538000124,540.8645073484678,0
387,185.57904984922558,85.61619160043186,540.7017874417197,0
388,187.32610767132695,84.93188692943102,523.3019458463211,0
389,189.04142820592978,86.29660314275586,503.86103962711104,0
390,186.1579727579499,87.32091634707875,490.80707495981375,0
391,189.22123117872297,88.3321863814212,476.3416856225082,0
392,192.8425789192217,93.96033906669587,470.24882851411377,0
393,193.54845696574503,95.33623948038172,455.7119824481101,0
394,189.23792331979024,97.77004734658597,466.31720104121746,0
395,189.0872099090624,97.34942693615339,454.7659663187142,0
396,189.88249069626565,95.57566534474034,441.570797073317,0
397,186.67594822573923,95.17428872910716,435.903522354392,0
398,185.83440336604784,96.83707840283361,451.03497486587605,0
399,181.85300851057332,97.89744741969307,454.50483077723317,0
400,183.92555165266128,98.95461662801944,453.2601542960497,0
401,184.67408406449604,98.77659432155377,432.01514921364816,0
402,179.9834478772544,98.27570239112892,415.12123562289366,0
403,181.27671179304,98.15485723358202,396.18395585333894,0
404,181.33444319370318,99.83106637674652,416.0139824512583,0
405,183.0957491983479,101.72458438946886,424.18449245461454,0
406,182.11467560435406,99.90562479739884,411.4537085280241,0
407,179.8821696758192,101.60224218995594,403.1600661443334,0
408,177.7172651618982,100.44842909389594,390.92834286622593,0
409,176.22375276618104,101.50727065150605,377.76142287444327,0
410,176.37268698358244,101.21579809423935,384.75839727034423,0
411,176.87902384872388,104.40983666158438,380.50781542744664,0
412,176.33834317069875,103.60516635902125,411.75681054730774,0
413,175.0683845237092,103.96239004081082,430.51220791506273,0
414,173.98269576429357,105.14409740053051,450.12293406666436,0
415,181.4434086519473,103.33371823141768,460.13082722201915,0
416,179.0387742697944,103.09554519290552,453.6984822367531,0
417,177.24385999022783,102.44137716973123,462.5443472507688,0
418,186.9777929498798,101.26612083746684,457.16422746738647,0
419,188.06890058356726,100.21474256080616,481.44643595461764,0
420,183.73543487858376,102.24524804980732,487.31710299309395,0
421,186.05143333413403,100.83608342390514,491.04044521575776,0
422,183.0940584236965,101.74164094641428,492.71927690936633,0
423,185.58237361607218,102.13196161943692,518.5844039887395,0
424,184.702773470759,99.09128808068546,496.8314356739866,0
425,183.13271945516217,99.87896049040975,524.1550866218889,0
426,187.70954789451633,96.80126760376574,521.1121130429483,0
427,189.16203864529297,97.81073795289495,499.7731650985123,0
428,191.84213762660093,96.55748533559361,488.25114979282677,0
429,192.9196384223267,96.34696159927245,463.26178260913895,0
430,191.37424169456588,93.54633854363826,472.8545706365421,0
431,193.0147812480681,93.59757948357546,457.08665267407184,0
432,196.47049515242725,95.2795480458225,459.4447353934481,0
433,196.72707991752748,93.51798782432479,476.3103614804833,0
434,202.01100947663898,92.18265539810876,466.1091092980633,0
435,204.47001215858643,92.99943851758547,461.9950949750391,0
436,205.04349833903422,93.89621369601228,442.3821343574318,0
437,205.7664789766885,88.99637614379611,436.52529876776464,0
438,206.17819036359137,93.02718887136166,475.13565314686525,0
439,202.45595296220557,94.11577479385748,486.8361295639211,0
440,202.2481978436468,95.57207358763047,482.927634749384,0
441,203.00421622732858,95.37745162196471,473.8447731343166,0
442,201.876959117457,91.78774285878822,473.32627045339814,0
443,203.03761953902352,93.28481634674115,475.4246611017552,0
444,203.2734742837831,92.32637256397359,469.31054776826306,0
445,205.7880736643518,93.6077596596127,477.45495941210237,0
446,207.98947396393052,93.38222067546876,463.3653102175778,0
447,208.7181920695191,94.08555767653557,449.21675333564787,0
448,204.85542272665276,92.77443424475673,455.0085545224406,0
449,210.4743042498974,94.74992543731571,437.7256415261757,0
450,210.2992977213126,92.62383382552898,448.91156678624236,0
451,210.30730482735578,97.36563914333595,448.94802406741695,0
452,209.52645558845873,102.08824972051107,421.7760990938599,0
453,208.30008995130177,105.59251822248376,423.6574553083138,0
454,213.1595223381374,108.37073443686683,398.60751418231297,0
455,217.52971845567717,108.41370087678108,409.22000748352934,0
456,219.0564223736826,110.94031799554791,405.6828162520428,0
457,218.90585418408466,110.91989727268987,433.6210117733393,0
458,220.91083750457835,107.9604915536517,449.8383338043808,0
459,221.25322670381448,111.08789263564108,434.0489444648315,0
460,220.77501687650346,113.43800048914437,403.8303054348684,0
461,221.8517961098895,113.43778374270056,392.56624805186493,0
462,220.55980182445234,111.01889418343742,374.2788479648085,0
463,221.31659461646265,109.84649283027949,401.66491926796493,0
464,221.8977784379284,106.1727227051053,401.4787204233635,0
465,223.6441250328351,108.00042294147418,415.4175410172439,0
466,221.69425523275,104.70134608008755,411.0496184013268,0
467,223.7036660374516,105.15400956645291,408.2336078231892,0
468,220.83710219314764,103.31899350544107,407.59657312010313,0
469,218.94746996458977,100.29365434174792,424.0227306252956,0
470,217.1671710798801,100.57684082103263,428.5035782531421,0
471,213.73895260637752,99.69717889402705,412.43150744461065,0
472,216.55868121370042,101.14629886204372,436.5419612730728,0
473,213.4126544540914,98.37221899354664,431.9108594572384,0
474,211.0691921346703,96.61087639539792,424.83134429188755,0
475,214.5847487990016,91.58492551128751,382.1380982910234,0
476,212.62233422631206,86.96556567950307,391.4034256913149,0
477,211.81119286369662,90.31523719225898,392.6719019790421,0
478,208.53623652990737,94.24356434941869,393.931917497031,0
479,210.80783190994137,94.20175851703252,387.66228918753467,0
480,213.13597748613304,92.34203782883799,378.82195842916144,0
481,215.15929149123093,91.55161627058533,373.08472831943254,0
482,216.59994870211855,93.12683240186385,379.86020911264757,0
483,216.67308666972454,91.95042499676731,389.29934634269546,0
484,214.9789584149826,92.30469447692268,385.71287426314836,0
485,212.44159156732627,92.1867234483019,399.85447775024153,0
486,216.2488466787442,90.98663663926912,398.60740356611234,0
487,218.51178053852482,89.90277219188621,391.0125283388584,0
488,216.43186785692353,90.48941393525723,393.98876196246886,0
489,216.58284211699208,88.56711661788151,373.62944464046006,0
490,215.74495830690412,89.53303677799562,377.1826807455158,0
491,212.45278511744513,88.68233778635553,354.1424080902786,0
492,213.10673750123706,89.05807064958,338.84750194445013,0
493,212.00788887397192,91.97362514736957,308.71476020915327,0
494,209.32221114877908,91.80917333060985,306.25993819277494,0
495,205.0783371936262,93.84230571826627,330.5979674346838,0
496,200.5989898493907,90.47030316288013,329.0538806748438,0
497,199.71196970914087,89.75683537843301,338.93491960917476,0
498,199.69555412890577,90.0510819516248,374.45849739990024,0
499,197.31636500561993,94.14445661723883,380.7660484289028,0
500,199.5192497557202,90.47521891784764,369.53853422721113,0
501,199.57327659749996,90.5334656611907,360.37567165330216,0
502,201.550645836497,93.69355667022435,360.63225808384834,0
503,201.24078279697352,92.36238519073024,351.3777077359741,0
504,199.10668813418627,92.16396581271299,343.23366098160676,0
505,199.6611040039836,93.03950693920557,358.22453277688055,0
506,196.0666041752011,93.60204775392356,373.81040069573623,0
507,197.85685201080523,96.90552097852658,349.2789457387005,0
508,195.1930337567183,97.9500979641255,337.1540323356497,0
509,198.06872959024665,100.72664200908196,330.3149647858767,0
510,197.1458212791792,100.0990842221204,339.39375790601383,0
511,200.395883296976,98.68049486848687,356.6023532024658,0
512,197.0594926866102,98.26052743784678,397.1633511719732,0
513,195.02618358442376,95.94232125111157,390.17825172773325,0
514,196.13750946957032,96.87786568813259,383.9108420572037,0
515,199.58653928098352,96.04364799375503,392.6769308229023,0
516,204.49390707827,94.60761126614182,382.3512211109212,0
517,204.49700731538462,95.48392983145581,380.11579493463535,0
518,209.86261484229243,93.04886891005478,373.7425939374298,0
519,208.82168891912193,94.41794106407215,334.24585283517285,0
520,211.92446807893842,93.26774257981702,335.90082758017354,0
521,208.885861931679,95.37387231162386,332.95335003425026,0
522,209.91920520943466,94.36113891233067,351.7945575452697,0
523,202.6552567558257,95.38608891440684,351.63804432727534,0
524,199.04377041366521,95.49850035475158,332.5701188453616,0
525,200.1931343407789,96.73563763505193,328.44796928354015,0
526,196.00515131704873,96.70486495221856,296.83106016936216,0
527,197.03928684221518,93.13135682033098,278.4205793341664,0
528,199.5197918736126,94.9100745677756,287.7142995254217,0
529,197.78857305262372,94.50745048002572,283.7769346832827,0
530,194.66965102921958,95.87441947835381,297.40249511937225,0
531,193.05356747438296,97.06138872481911,267.70558764892905,0
532,189.98419824313618,95.34286348910223,263.89673441537855,0
533,189.53292820363598,93.36564331329919,256.6164175741094,0
534,189.71820182437224,94.55535526226919,270.83314805937937,0
535,188.70771252742352,93.85639827578989,280.8321306542205,0
536,193.66832877911693,95.6667953658558,290.40345143667787,0
537,191.47863836465683,95.2789145247306,313.4931230525402,0
538,195.65293790242276,97.32573407962717,307.97181641324175,0
539,192.5606991488856,98.20382200344454,328.0295078981517,0
540,192.84149332757733,98.8422334597399,312.4288771038227,0
541,196.4832684808798,98.18666998991762,296.3081697849955,0
542,199.99833819156774,98.77252347196867,307.72036661139856,0
543,198.88519386391948,101.30585826732654,285.29688490071896,0
544,200.72233529782773,101.36935962369411,294.0603016006976,0
545,202.17939625609282,102.62523221833425,295.7735232137899,0
546,200.77164187669615,102.93001552721518,312.0633772999945,0
547,202.84674993097443,103.40648185554008,311.3989760685052,0
548,208.67309577817122,107.09217270045633,312.47857959397777,0
549,210.33491108056018,109.74234606973653,320.3642677950525,0
550,212.2846466849008,110.15182016725659,310.6751910112845,0
551,214.55177808663154,110.83139481025724,300.3327628660598,0
552,210.41556157176723,109.67436711035641,307.69591777091216,0
553,212.03510492242575,109.56729334886614,307.49546996499225,0
554,209.21208444074423,110.41334716679746,301.61301944826215,0
555,207.65448677503235,112.32663750231724,300.5833211091787,0
556,214.33383582587027,114.0186030034115,324.695237434026,0
557,213.74598327058806,111.97201716529668,318.22189360662185,0
558,211.67309032315782,114.0736119921064,311.289228772844,0
559,215.25183631379,114.0170628872793,285.79856365683463,0
560,212.50126423292113,112.13553910358249,285.25572851213616,0
561,211.2214682692192,114.8707700473134,295.17144264960916,0
562,215.00010372857685,117.82880699618846,307.7458933402213,0
563,215.12840642450072,118.35630096086979,309.36915736467927,0
564,210.412136333722,119.74240920928109,323.6751820054933,0
565,211.98164370782277,121.21484615790288,334.58117656482983,0
566,210.69978713402497,123.91393153586911,351.1829710825555,0
567,215.19834333968768,125.24907033280455,365.826512660791,0
568,213.23215313133284,122.44606441247495,389.22855623694727,0
569,216.21389877881643,126.29374763672303,386.51122646475926,0
570,221.3474691686411,128.23153770841066,366.4118321220642,0
571,218.58257634082491,127.00042614148363,376.15555012096405,0
572,217.77567903571625,124.71391775393474,387.63658971797156,0
573,218.70268552710996,125.48467528370327,410.947651287649,0
574,215.88393496224631,124.681441899767,429.9202933229935,0
575,216.4441533352412,125.09076614063632,458.8517136938333,0
576,215.51872600559463,126.32691335606422,467.89885693160267,0
577,214.5368099836134,124.94731627286953,471.084302503481,0
578,214.4447558306981,122.47623095646122,450.07068635255513,0
579,214.4312917345997,123.0206096493711,454.4648761274323,0
580,214.71087088544633,121.74177078243564,445.9652626179811,0
581,212.72086814180355,121.84043864662799,448.9443891121957,0
582,210.88342069506007,118.98185349900928,449.5901546331463,0
583,210.38002856313315,118.32985868460754,456.51852910044585,0
584,210.12475738549776,119.63876421275954,454.9375702034402,0
585,208.71575043799962,120.75817030039487,468.87041413677065,0
586,209.6251078953906,119.11899288978125,427.9606379747777,0
587,204.14934369396585,116.75098519574598,430.7790626467462,0
588,201.957944917239,116.78251257524957,448.8164093340346,0
589,201.14964039402957,117.93605712468755,476.898615916277,0
590,198.64375630180484,118.80886887393973,487.94049746091997,0
591,203.6238092738898,117.87700811287537,513.3062017273163,0
592,203.80139306799265,118.5936552517766,515.9612399176256,0
593,204.4793314681228,121.74599555978102,516.151807921984,0
594,203.20157161792065,122.32821720809329,524.2649748440945,0
595,203.34775856407416,119.25544504372847,524.4105843080009,0
596,199.9140613275475,119.87390887631128,512.8872854441221,0
597,199.63186846209632,124.18908106157056,505.38594002497763,0
598,197.0597125073487,121.85316876637901,488.9425157648749,0
599,196.47421506028132,122.15933139723818,497.1148854950547,0
600,189.04513182850246,121.9573269983025,497.53642914969043,0
601,185.9117886703005,122.39975938398125,492.38280386544756,0
602,190.55028119104455,123.03497699748988,484.12926082008926,0
603,193.28034376940687,125.55379030065538,491.9439753441233,0
604,197.46472001998663,125.95061511629108,503.87795629610844,0
605,201.83994698538092,128.7171973870967,487.1323095049122,0
606,204.05243296514678,128.67540977679616,468.01056316555037,0
607,202.86575918270358,128.1470685025411,482.5001447735598,0
608,199.90163570935917,126.95633190191631,462.0207755616833,0
609,203.46286777963624,123.44315609760403,470.3540763229487,0
610,203.7490306304567,124.08717784911398,494.7001732319172,0
611,211.2935605484695,128.25763989492475,519.0511567516812,0
612,210.22974557583638,129.20558980489562,530.1507245665617,0
613,216.14843314017781,130.579084513219,540.7828672963935,0
614,215.64657881269142,129.7215429077909,574.5300000939412,0
615,219.59226313560043,129.17041465637652,539.4516036816676,0
616,224.58987941963952,131.04723870538476,532.3941096127998,0
617,221.40003138116938,134.9436277320364,545.0004890950207,0
618,219.79740778084434,137.7718942381776,539.7935546119389,0
619,216.52653783005454,139.2104512239394,558.2182969673503,0
620,212.64318065800745,139.08722867544802,557.4344623554249,0
621,214.43231805320076,139.29460334760114,559.1985571041073,0
622,213.61517469961964,137.56033046591054,554.8511788975842,0
623,213.53340433815043,134.4251260922656,546.7746451844237,0
624,214.95540843586917,131.92481606954462,538.3212824300078,0
625,209.1325814675958,131.77374967145988,542.1381104154308,0
626,212.7422130123384,130.93909868147793,530.2689694609593,0
627,211.4482172151175,127.75350196483744,544.3203294061275,0
628,212.80655180279146,127.43998587569835,553.8798489441302,0
629,214.44143207764301,126.57586698393237,570.1438373158438,0
630,218.34175860355302,124.01810611698268,552.9979088195673,0
631,217.8336627329315,123.08422438847012,527.3122369104982,0
632,211.2908180821085,122.27038611334322,527.0775183023276,0
633,211.3145715570167,120.88948246804185,570.411898140268,0
634,211.7956938775735,122.62182454366571,589.2840315577586,0
635,208.60045237249489,118.72356249182081,580.8748780024997,0
636,208.98046286692664,114.68950304153181,587.1800985501027,0
637,207.8659286073486,114.66459565503082,598.0624232063587,0
638,203.83766675950108,114.85685003381543,577.5365995953658,0
639,205.88360039992807,115.69675926125254,598.1124665862841,0
640,204.25488641610178,114.68127371356142,595.663566152837,0
641,203.12820769954882,112.93788503103504,594.3958124113774,0
642,201.8614694116156,113.04425101957315,594.8735805568133,0
643,205.7155345694605,112.30872411432962,612.1893120118841,0
644,205.7647183578345,115.58279919733518,601.0335119125572,0
645,206.1955415267444,115.12786840475725,575.6224855480629,0
646,205.0856962199667,115.23356125770458,580.678878097945,0
647,206.7015549295655,120.41165577973456,550.2512650481822,0
648,210.98837840595718,120.26100465731281,545.9735804521887,0
649,213.1786741656178,121.62003169491211,564.023408107272,0
650,215.48994151675095,123.16331702881342,572.9604831270317,0
651,217.55929860153262,124.87678678337846,588.8464905800394,0
652,213.6652839788002,125.70247462140206,598.3984743652829,0
653,211.27579681474248,126.32902554126275,634.7923610280736,0
654,210.88809287677915,126.75695236377105,626.1960248560556,0
655,208.922563905681,125.81702771568501,632.3800631675618,0
656,205.9224765386854,126.66158902863597,626.0017798066447,0
657,200.47788158976792,130.8908129771794,640.5257311290618,0
658,196.58592331581795,133.45980616055894,639.7497373537568,0
659,195.93734489771813,134.18864045893622,665.6534087993456,0
660,195.82152472491975,135.99275898280646,657.7836283959741,0
661,193.5048248653951,134.31686863421223,678.952987750596,0
662,193.77307945884394,133.82732328121196,687.8815596641548,0
663,192.47157853611884,135.7230229695801,687.3946436278501,0
664,195.7118203428412,138.6658784010973,695.4997997403498,0
665,195.16448158189962,137.06168458803944,699.3563040844206,0
666,197.1610152984465,136.0020490415349,704.6031653605395,0
667,197.6496583314026,140.24380237536397,701.3791010101955,0
668,193.29581584821796,140.28869550944944,690.7076440314182,0
669,192.85190904731223,143.763487181156,685.5096449582861,0
670,188.95151304205373,143.98367810843516,660.0689465817903,0
671,188.41508737102149,144.26397551670453,672.4861084133983,0
672,185.9524366764953,143.4257354985506,653.7313905879319,0
673,186.8594564459101,145.07197645053145,650.2278154283567,0
674,182.58568012631042,147.5408182439384,659.7017777433712,0
675,182.37911913502006,145.22014731652797,672.0420620327411,0
676,183.84569941558107,144.2645797449585,645.1716165130541,0
677,186.32177281630698,145.84802348650587,643.5471820774768,0
678,183.79040021161467,145.35005687989758,650.2044832381695,0
679,183.61639488540206,144.13602769999704,650.7574666342703,0
680,183.9567726477553,145.94304885135435,670.7065278429919,0
681,188.40462777911117,147.95643155350695,658.1859006370005,0
682,183.78870532316657,146.88521509846848,627.2783514104533,0
683,180.90776832250094,147.16231878899188,639.2856122965287,0
684,189.20015754678118,144.62437094325543,631.1083222483234,0
685,188.288406767255,142.74095019463977,604.6377543568752,0
686,182.5529638686781,142.92681919003945,602.197607029511,0
687,180.77383448323445,142.95815380979997,620.6244977130873,0
688,172.46721481884134,141.02440162633872,601.6757084458969,0
689,173.22145591160898,139.62393273228673,636.7471267105051,0
690,175.71327166131073,137.5563054612427,624.2413642613224,0
691,173.07074346046272,138.55888410272738,625.6389860008668,0
692,171.77956994763622,134.74460396327157,607.4729979870807,0
693,174.6981617791954,132.86907886960364,608.2447825829734,0
694,169.6194476583514,129.3151280476332,606.4104975302874,0
695,165.84825772902516,130.34669296262157,584.2616127025935,0
696,165.37597534025977,126.95328901889367,626.8610803932386,0
697,163.3462290706934,127.24400565879887,619.6582811007924,0
698,162.70349770931227,130.76192302133333,612.4802120722416,0
699,159.1589600582938,134.35550429107622,627.2624635697474,0
700,205.1531417267586,142.83920409466458,1082.8606994428549,1
701,210.8301291847568,142.61838635402773,1096.8364284230483,1
702,207.672605067893,131.4944927192631,1059.9531862511292,1
703,217.11446278600317,138.79176093092536,1044.2902302954758,1
704,202.06457262493583,139.4297628125497,1032.7902223769067,1
705,204.26106648777073,145.76722106139354,1025.4086865925865,1
706,210.02062436272547,139.4040900485585,1013.0678330619644,1
707,204.01851725869727,131.79839006049764,1085.6298158491177,1
708,211.72213622317716,138.33727929409216,1012.6499109731942,1
709,205.4823763892969,133.5696837360032,1027.4876671288578,1
710,218.4249927942425,139.49134673338912,988.9943367235488,1
711,222.8579653643467,124.09224324815251,1063.609675307216,1
712,216.1821171695955,133.3538841003203,1066.6957181825062,1
713,220.06364558645254,140.44483590759984,1076.578993453219,1
714,220.9247257303712,134.45608272198643,1041.5326617310013,1
715,200.03017151707132,137.60059960627822,1091.5396841957145,1
716,202.4254016385303,127.40049456168808,1086.5261011299176,1
717,218.0490721392081,128.5189935230556,1082.8106510522325,1
718,209.7712677153835,140.82695409401416,1101.0646091901754,1
719,210.11706015983933,134.7422098187589,1138.8580253753903,1
720,208.76463110309916,135.3604186569036,1100.183809233074,1
721,192.89711352055346,131.91489382656306,1059.3129004091718,1
722,207.41740131811275,135.4513220305126,1076.100404065895,1
723,200.46281694381116,130.1067700489663,1041.7523175670513,1
724,209.91437114463866,141.51510193684138,1132.4418285446084,1
725,213.39287109786372,145.22275515902817,1060.1800371751042,1
726,211.2654335960739,139.60593445959998,1070.2662260888794,1
727,213.67366978735922,132.20536144641227,1039.7203729783207,1
728,205.47877514522116,123.68091511283072,1053.2533887673821,1
729,217.80267087795477,124.95005374005389,1013.2880015663379,1
730,210.81291278566013,142.071148359689,1038.3215729275507,1
731,210.99684044221388,130.53470989752944,1056.1012245762374,1
732,218.35301345764196,131.99452315711645,1037.1916903293445,1
733,190.69000691532275,135.21003973684688,1035.078294920354,1
734,197.4134339833543,138.58810239783725,1087.3408672653493,1
735,196.21367802752653,131.11125303026742,995.3006454642452,1
736,206.0485715992003,129.96269815814676,1034.9900089444473,1
737,203.33740157343567,124.77795088940701,1036.400389951405,1
738,199.92203485839718,122.09523518081104,1038.4133402563596,1
739,207.3662951211978,122.37760183256856,954.8033382794533,1
740,195.7073840640034,128.45999817956772,981.6720986565776,1
741,195.69885897220246,130.26422460498725,990.5186766076821,1
742,199.0690394505553,137.79506189102807,1029.8972011506928,1
743,200.80262341895465,132.80412346013577,998.1655588553493,1
744,196.12546272187083,133.62210509877397,981.1526707858987,1
745,204.7347369225598,126.4605905921708,1004.6356140983089,1
746,203.0445894142341,131.91347201729675,1049.5467460738744,1
747,202.0648279505388,124.7787807773454,990.1277259203013,1
748,212.71226111363723,129.12021119156742,1039.074161212083,1
749,209.7259108662375,133.3401147324372,1050.046850211934,1
750,217.29177701142385,131.398209256574,1045.6279069528523,1
751,211.12547390159676,144.07167952895264,1149.3643802745548,1
752,210.50014171608825,138.9035435990568,1028.9873767586544,1
753,205.61517083285207,140.235177394075,1028.2984298953677,1
754,212.8500337003498,137.50627900059885,990.9028185710675,1
755,219.28429527029752,142.16529800139892,1026.9712468537814,1
756,209.6675302484887,129.99086690519312,1046.1531063673528,1
757,215.96052996497716,142.71479230857483,1002.8627431658587,1
758,200.9998776283409,133.91779319388957,1027.7362131939512,1
759,208.82984055057838,134.26804314390512,983.9559437642897,1
760,162.2510791149631,128.37847245201542,610.7456272325437,0
761,161.93810381769669,131.9042471095333,590.6922376320441,0
762,162.32332078209396,130.7681192204202,596.5265856030143,0
763,153.27417704253332,127.09765506753014,568.3523099675645,0
764,152.0659372327257,128.06481524883856,573.5454824902785,0
765,153.01829243534027,127.33999299186718,551.4480303079547,0
766,154.321703133877,126.98532835229832,545.6026544819696,0
767,157.0877720139521,127.97668560983233,558.9055715997803,0
768,156.30936939317937,126.9162713847287,562.1686420633041,0
769,155.64046968161273,126.20663516834715,537.3118064337453,0
770,151.4505936861107,125.81287242720153,527.0323750560625,0
771,150.6249659122096,128.54031714679007,504.29963401752906,0
772,146.61298248218213,128.37319811218316,478.6509982806171,0
773,140.83050279172625,125.66298161951357,480.177076591587,0
774,137.32825137419337,123.02451135003024,488.3348384377875,0
775,141.60363963047672,123.05230472622085,494.6932607813942,0
776,140.54128955880824,120.54278225771027,503.48199653746184,0
777,140.95420834067727,117.17146197666086,503.0566204669734,0
778,139.17485025604344,118.20366462748922,498.71689785468425,0
779,133.57593895485368,119.34540319039246,482.39359970591545,0
780,136.17221517326126,118.39706696622322,475.58034147327646,0
781,129.4620970464221,118.79086184125418,455.56659198611146,0
782,127.6257867423529,118.99517285595101,442.7171768055134,0
783,127.31431273435027,120.05238226243672,443.9034504966316,0
784,127.88478341071183,121.14088381638831,442.0153609295898,0
785,125.61291566946694,115.8368477136756,487.89382257035317,0
786,120.03656975143495,115.29338832784373,467.64442713891094,0
787,117.60181091902948,116.29771774880084,465.736467371035,0
788,115.35553695617048,115.4768045667228,444.3804857029792,0
789,113.0677354261044,115.58068880064162,438.595176518829,0
790,116.04037266559429,117.14455023286484,433.45124025596834,0
791,112.49202325883513,117.39885962702745,446.2168995771236,0
792,113.51595933607761,120.53569671542519,439.59289974278283,0
793,114.1384798131838,122.93729858543988,436.8707351073929,0
794,117.19177731929304,122.87210255319121,430.58789794400377,0
795,116.98590541135465,122.66953391901407,409.7656454904181,0
796,119.57136146932885,117.18094886499286,400.19617306990295,0
797,119.28195929788062,116.75520271404588,394.6943805864798,0
798,120.82400620867467,114.28753425966448,396.04063816861526,0
799,116.56189625413406,114.97670665086682,404.6715607841888,0
800,108.89772849238933,115.53311454023543,401.40327960565196,0
801,110.28103552021551,117.1754925194176,397.8713021130604,0
802,111.82129820553429,120.21554677051508,372.3058180429557,0
803,113.4866745360296,120.40187724221079,380.64070513284065,0
804,112.13913523459962,125.18996810889125,370.4294950684241,0
805,116.82036514761226,125.86693415571258,381.8484067982523,0
806,115.63425540767362,123.44002507555173,401.78852972333766,0
807,117.06882474038494,122.4878135990257,399.14173659663675,0
808,119.00036278084961,121.8899495638625,383.9396967506008,0
809,124.27758151402497,123.19520212009728,383.8102158082343,0
810,123.41895158231374,121.39316124729694,389.1332047061722,0
811,121.52183433249334,120.85967095054522,384.46286615633846,0
812,117.05887713464654,120.56906934435222,376.0337689710477,0
813,121.71597815463396,119.67282772904113,384.486752131509,0
814,122.94873192038042,121.2641795370014,391.9189472965228,0
815,124.24545376919625,122.48436084506504,386.6621412227484,0
816,133.50310756550974,124.72503618761469,361.75868981617987,0
817,134.35724353514064,123.9419875714643,368.4833643429436,0
818,130.30264995438807,126.19941334130765,356.8258270758705,0
819,129.54300695571496,123.29948689565934,359.86901093273093,0
820,126.42513602189658,120.32919458640721,361.94284570064406,0
821,125.02546768176676,117.68952805784328,333.3965711386226,0
822,123.59044063066885,117.48069320027338,334.3855381619622,0
823,121.59049812642803,119.64658010238922,341.8646567115394,0
824,117.16393730316076,118.19558263390888,351.17522963399557,0
825,121.69077573704902,116.99152935685139,352.68504943331163,0
826,122.33665340323562,116.30882697910411,322.7765923069392,0
827,121.4135239919338,117.20776991867831,341.6860949325377,0
828,123.44756814944138,116.01364998092953,347.61256561463676,0
829,124.63351173115548,114.71955782226244,329.3355174312455,0
830,125.24852077300008,111.81670413916552,317.3070086724899,0
831,127.10999128402815,110.47973820953887,320.58184810463524,0
832,127.33986324160992,112.66272944171533,330.60667873041484,0
833,129.20289824713225,112.69695209321983,323.13960651974685,0
834,131.34123689583757,111.096244818796,335.40148937650486,0
835,131.7369341732777,113.47607383659559,308.4175280123439,0
836,131.01328922392227,112.24318536360815,292.71818137707,0
837,135.57300367288485,115.0516175671739,261.7212422740396,0
838,134.13929905356454,117.85883152297411,248.2601651309942,0
839,135.34471881024575,118.00233373112262,270.9128018545548,0
840,136.64890551133,115.06769614524632,301.84229684220287,0
841,134.91269088219738,119.73915630359609,305.4536127933178,0
842,132.61022198019091,120.63470667005318,295.99817293821746,0
843,131.6962952830338,120.13456198606445,292.82120379090577,0
844,130.39157699720116,122.21875008930877,300.09323442709535,0
845,126.210709019557,123.8168793706239,276.84204535978154,0
846,124.46828692838068,126.65081922677828,268.4666208764449,0
847,125.49421412511846,125.55338189225259,290.21727523603266,0
848,129.53091420860395,126.42919804884103,274.77049352714687,0
849,131.4408015213259,124.30417089555225,263.7818333454248,0
850,123.89286449334377,125.88750615416329,264.23040465227496,0
851,126.06744210474437,126.09228188203754,268.72820501197424,0
852,124.63970005425834,126.90101370021229,259.5998576261833,0
853,126.23780960936125,126.84718358357097,260.9931927060022,0
854,126.42266207456346,126.57246418522834,270.33954395492793,0
855,126.0566623526845,125.04806499358044,299.9733844677642,0
856,125.9434788760705,126.82244913022132,298.2732424835149,0
857,126.04813822495535,129.97378947739836,297.8257150271006,0
858,130.22898250667853,129.00808212503068,320.88512958224567,0
859,130.2910001993513,130.23616138890088,312.7686399617023,0
860,133.64006752655317,131.19298756587963,292.9958033979279,0
861,136.5222465929572,131.27164465744443,296.81199950167934,0
862,138.55486219110733,128.24993214611416,312.98610383339724,0
863,133.1950057307183,125.64673744389297,318.4018108613925,0
864,136.51342474380397,124.05329458619066,316.9150970427846,0
865,135.0772593925301,119.71282367017973,295.12673497689497,0
866,137.13198230809616,122.43642620233268,294.1587373702111,0
867,134.0933855544469,123.05083440676411,312.53506301102817,0
868,130.3905340590847,122.84328294451343,293.87567742248734,0
869,136.14776799588407,118.29087903228357,290.0325375417441,0
870,133.08329508809734,114.44961361497032,284.0267428520963,0
871,136.30955184887108,114.23286768221489,273.34911113614857,0
872,136.43755457034655,117.94658937034879,276.8406979610996,0
873,134.93832506422635,116.31043164756295,283.2514072489,0
874,134.55712510403464,117.79131436918674,289.4970975136005,0
875,130.40317514731214,116.58084308670821,274.594284592245,0
876,130.1112455413558,116.44065513815733,249.65386271011113,0
877,126.61631129246682,118.62330952874208,253.34297595087094,0
878,125.19111057848522,117.69253693736935,245.5153209975915,0
879,127.7397510275599,116.08506887843104,272.86274845005926,0
880,128.29025990085137,118.70914683029903,300.91833073390194,0
881,123.65022469693733,118.60673876525377,330.58515394257006,0
882,126.03275680398475,120.61721667273191,316.3115581533551,0
883,125.86382815280489,119.09908952051009,324.7044650890341,0
884,124.11627409364883,121.79143968450401,337.6477545938783,0
885,126.26384407771735,122.24623530591498,348.93060916938606,0
886,125.69976209791929,123.05334908947722,343.5521785376111,0
887,122.17129912280299,123.2851287569364,362.7081731266918,0
888,127.71472825715182,122.2741787929434,362.7152979221896,0
889,127.69434488387799,122.30229212735262,364.6683687516204,0
890,127.51265073929841,121.47957312024096,341.66332844383027,0
891,126.38979415176493,123.4911241731888,351.4272619150834,0
892,130.0506896240657,123.20600809297947,347.6420844654252,0
893,128.62368346509203,120.36062300284412,354.7613967623855,0
894,124.1606761623514,117.17370780655973,358.46003453314904,0
895,122.31816688393592,113.91379520919135,361.36760689037806,0
896,126.5105538416818,115.36179988068073,360.89396645975927,0
897,129.2342085688872,113.28604950076792,372.9202207225001,0
898,128.7080309419473,114.1250903834847,370.17570200026375,0
899,133.07450967406982,114.64495272566865,348.5944540156701,0
900,135.56900282766406,114.76620200297766,357.3794545784077,0
901,135.01990120388885,115.89367887687101,345.4950381718617,0
902,134.76888494578674,116.4569992582532,325.87782383883075,0
903,135.99570747266267,111.27640910373093,310.78304315773147,0
904,133.7273048665053,110.85641686486802,315.2602870909193,0
905,133.95288321941484,111.91868628937638,314.0245682008781,0
906,135.07194702052718,115.39277561815884,282.22784646305786,0
907,130.18298057839576,118.93762312501802,276.64493959096205,0
908,129.7626489761445,116.35895146329996,294.331037331036,0
909,128.97447867397545,115.78049911860244,287.6826005209633,0
910,132.15114166151469,112.7407284188447,285.2929111472077,0
911,126.68011214894867,115.84296003793195,301.00024417598206,0
912,125.5670730452367,117.90015140962821,312.96406200444926,0
913,124.12180910314294,118.60132718335456,328.29032831922495,0
914,126.97054303950857,118.90203795047582,286.6705452130202,0
915,126.77744186254682,121.6008386823077,312.6109293207848,0
916,132.0732668718457,123.93103014416971,322.0644769245455,0
917,133.93890876363682,126.12612128355393,358.8656248809797,0
918,132.56061041561583,126.89185163766601,346.98310505391305,0
919,133.1076542315985,126.02146276494348,320.35941369548516,0
920,131.85192409621766,127.36218872170613,320.2741668390904,0
921,134.2180492113074,128.78220937583487,315.9315187363515,0
922,129.9941978286003,128.17367619381687,325.50922024773973,0
923,127.28424056784668,127.23230902510878,341.39427608549545,0
924,128.4045970163103,129.25222225702404,339.83815060510193,0
925,131.83119989535257,132.32978800743467,335.9768634507824,0
926,124.97462763980639,130.58032997847656,343.56699427639563,0
927,128.85132798057654,129.8068633203795,339.4753509838071,0
928,128.19205326425285,130.26986014224923,334.13675013931555,0
929,122.3131701356073,131.0157998949124,349.46651597661076,0
930,113.09592345355777,129.75900402004828,368.1511206737829,0
931,108.31424154886048,133.3325215734639,384.2170906244569,0
932,108.08319470763007,134.00477983086006,381.52171265987977,0
933,107.73787122875098,134.91991728234873,349.27724847812965,0
934,109.51647427895091,138.31668719144423,346.93315892830896,0
935,107.77555381860974,137.3261050132968,335.4709998104949,0
936,104.38897071040415,137.08677979154515,333.46266305646895,0
937,103.11823259202231,134.54865637810275,323.3648207103057,0
938,103.21906345275704,134.20395543359558,323.05372287832165,0
939,103.94286079302205,131.25757934112403,307.49606739524734,0
940,101.63782816407189,132.81573951837743,288.3477673133387,0
941,104.43462719273624,133.7481919461757,306.78059847956035,0
942,102.69143513149217,133.3150515860266,292.35673253297364,0
943,100.2299124099699,133.26183353584338,292.50933627727136,0
944,98.77467015525922,134.95669863991552,306.9989912500081,0
945,102.19271438963945,132.87863017340817,320.9070768507241,0
946,102.00638818719902,133.49902906469478,333.0418630808359,0
947,100.15010592082376,135.12530692044632,337.81211904119294,0
948,103.16729850320904,131.79962809667148,348.9110380002853,0
949,109.84225743025635,133.41621741527658,369.75407329657867,0
950,110.72197180031185,130.31875895588212,376.38007867363797,0
951,114.67416565003674,130.33423645530763,349.0727099385538,0
952,118.0291128089622,128.25416755431826,341.39142515350346,0
953,116.45106288502687,131.355530043938,352.0758455603745,0
954,116.75822366928965,129.26854617846735,342.89666479756744,0
955,113.12265293655919,126.18022955091809,367.4103200458286,0
956,112.7013498447467,126.64045754138314,366.65614633060454,0
957,110.99471101106376,125.98498385503572,368.1068101746903,0
958,109.93368250498929,123.1234027631603,385.1256025236687,0
959,107.8049956647763,124.296031415398,382.5038523179573,0
960,107.03616416784784,120.4054922181569,385.2404667815384,0
961,108.69532369550967,118.39547174185773,398.7897805103921,0
962,108.36832691958887,117.27651415641533,376.73720022828604,0
963,102.7752073263227,118.8809589407256,372.45772779247284,0
964,100.50536667622808,121.44041671935275,384.8635482677605,0
965,95.88470714968625,123.58351974514082,385.7850890240324,0
966,96.5244288999733,123.1845132365581,407.7026372775364,0
967,97.91338273820786,118.20889849303978,383.94278865080463,0
968,98.53539803831787,118.84297517002442,358.4451327661601,0
969,96.00125258472552,121.61219037477947,369.81849824180665,0
970,96.54829066484676,123.88624748313418,382.6120827585259,0
971,94.9258847411586,124.60008234624009,379.5012694996668,0
972,91.28395014907377,121.9938185747291,385.27992725751864,0
973,93.27087057716093,120.70433523643266,396.2191625909501,0
974,95.47824053113115,124.32525072672291,383.76450119597274,0
975,98.07426050725302,121.24112519026599,372.91110910310465,0
976,95.99854824002705,118.69477626683661,375.5063353239556,0
977,99.28992187090522,120.33316606196611,388.82095641516037,0
978,97.57030578588137,119.23197824131542,371.092733188751,0
979,99.30355150766282,116.64120975407205,367.89626046689165,0
980,97.55875036598128,119.48508895513659,364.0206478349436,0
981,96.69328016747154,120.21367720415445,370.09651070331256,0
982,89.25781432160976,119.27814260170587,369.7941028794859,0
983,88.20444531290656,116.83896356445439,361.45821975699056,0
984,88.35671695933364,120.81277843824626,380.06570821442375,0
985,87.03410917958387,120.67141587309477,371.8843870624532,0
986,92.2402119149722,123.40361052916668,367.4404801482643,0
987,88.72133470359721,125.15939866298639,343.5365366540708,0
988,87.03059099228543,124.11759553965993,332.83214850138233,0
989,84.34745211772704,123.12319226507952,340.60476860186725,0
990,82.7185826496077,126.07828352981444,345.4762594160572,0
991,85.90528076608807,129.09577712271266,354.5614731947019,0
992,90.46037440299698,125.46294342439919,362.94720573781495,0
993,88.50562593569262,126.71013331181605,394.4105456476948,0
994,86.50853558121722,126.639635976063,383.3645955096854,0
995,83.23067334270789,124.76651335745841,359.2667630654359,0
996,87.36159265864728,125.50206870327429,343.7205312807445,0
997,90.9518641222303,123.03013336413562,333.39301198610474,0
998,90.87278805330358,122.33609198588306,319.01697726789064,0
999,86.93120377158404,120.98585782754421,320.6686032897646,0
1000,83.26188254234386,120.2369417663608,339.70909334024844,0
1001,84.02443736062628,120.34465124616547,363.0546459019259,0
1002,85.91916442316688,118.56023122955558,370.865986736826,0
1003,79.95959933914305,121.9454586183418,403.22393929967586,0
1004,79.22292785036352,123.15928332796416,398.1056016940137,0
1005,84.28987867541717,126.96047254110978,373.82987922035886,0
1006,83.83087476279873,126.83383631022616,389.8210739459538,0
1007,88.4717213088648,125.90818865932613,362.4140903434121,0
1008,90.56648906118433,129.57264925376467,351.2366743683676,0
1009,87.43464851260626,128.5375280279447,359.1593561086375,0
1010,86.64909356020895,128.27340291162471,357.7160928355641,0
1011,86.3254723134419,129.77595920148642,354.91426286135857,0
1012,83.49941656456056,127.33198654029103,337.23389132445766,0
1013,80.58981249612775,128.75457590987833,337.07185548295763,0
1014,85.07863931708427,129.88979108680837,352.09531385862533,0
1015,82.08409598913835,132.36598025401696,352.3323711377986,0
1016,85.22694529070611,134.05361033237898,339.7865240155244,0
1017,83.79649360168307,136.53256878420612,320.95244885263645,0
1018,83.5719462465811,136.16409561773688,308.66090074285034,0
1019,85.0855472276026,134.26682270662852,314.3739747553715,0
1020,83.09634750161612,138.2932698275228,319.3344849834947,0
1021,84.58799728571825,135.02781544009738,307.11481531817816,0
1022,78.22144994423901,131.9475310395157,273.7261657456132,0
1023,79.30170277844327,132.83891778949368,279.78748786965593,0
1024,71.64939909752724,135.84217657864727,266.0751635778261,0
1025,70.71819245030329,135.97061180334705,276.1604342959268,0
1026,73.03025493913015,137.71855273562284,264.5681231968819,0
1027,74.65042755010417,133.4802339734778,249.50290308463366,0
1028,70.51632678217868,132.2422747180759,251.5616123624878,0
1029,66.7800753510641,128.26712086095532,286.6998425700493,0
1030,64.50199607371466,129.61587962103113,297.7232292804164,0
1031,64.86711995351662,126.32789326058064,299.5729950612317,0
1032,58.59938810969131,123.60032329482112,304.78383583325206,0
1033,58.41208801669321,124.48074433929152,278.3694685455157,0
1034,59.22537788416537,126.48339478939893,261.41336473029924,0
1035,58.28380741389417,126.07299964528224,223.6569728269339,0
1036,59.79730884918625,127.15088318463216,249.54261977671615,0
1037,60.437002368765704,128.1949805629792,272.4219312586532,0
1038,58.812039590569015,127.76412684409425,278.31420915187687,0
1039,53.0349504651897,125.60619483372092,280.37241465353907,0
1040,53.497651178769246,126.79843911635726,257.1610260849424,0
1041,50.73088401073758,128.1170894255657,253.96398560884032,0
1042,49.11685439008097,130.02613648567424,280.9708620388267,0
1043,50.701856409422646,130.79789869928447,283.0897313772148,0
1044,55.125788833419904,128.63283114602,274.79196665773054,0
1045,55.20513217036632,130.20703517603081,248.61443046494875,0
1046,57.079389836085454,130.41633617195566,269.5310795372923,0
1047,52.97321005546082,129.678119526143,268.7070807647115,0
1048,53.948650129485586,129.32771718279523,242.59494229530875,0
1049,54.01564562365521,128.1939161332156,228.97767037143677,0
1050,57.95399483266238,130.22227015805305,210.06526657819347,0
1051,56.583285871704675,127.6367071580216,208.33978015964252,0
1052,56.105086327418725,125.89644859560994,211.696578011036,0
1053,59.520399059856715,125.47777215730615,204.38719137789772,0
1054,59.471555925506856,128.93253209661825,216.270148568035,0
1055,56.357094938026535,131.2531563511854,217.6642453315031,0
1056,64.20551846516939,128.16499845196344,233.7924548178576,0
1057,61.141672448853356,131.03962490316258,228.606475920341,0
1058,61.09520156965725,133.88609470258243,274.4339891659606,0
1059,62.2562642916621,131.65907630446515,266.0876565677793,0
1060,63.15157574641372,126.70861869093052,252.6301656190994,0
1061,62.64480610326158,126.6266369151031,237.29811883653008,0
1062,62.12200394708182,128.9029646891019,234.16548689361468,0
1063,61.417208348217954,132.0854886287023,208.37244553062794,0
1064,58.037927817044675,130.31235514458066,212.7594092326459,0
1065,64.4261239914458,133.75385188503952,184.11739122030673,0
1066,63.67369231064741,129.20552816574786,186.44999615350693,0
1067,65.34348703518867,128.34842868416126,166.0602217381336,0
1068,64.1918990966914,127.3663779802773,160.1931912619798,0
1069,62.95567580593078,129.49911975643175,169.08936497527102,0
1070,61.395821110649344,131.90220098103885,203.45640652614384,0
1071,56.534220590300116,133.59858513552416,187.074335558045,0
1072,55.825098927103724,130.67022679519826,184.592315573815,0
1073,54.365206633105835,132.15659552775648,173.49706612114224,0
1074,57.633066853459,132.9279661577423,160.2022979755291,0
1075,53.79230003357688,129.3348309200546,149.22703155885736,0
1076,51.8101920337837,124.95013679532258,161.33736222628278,0
1077,48.8681573263204,126.77940206816308,153.76981095562604,0
1078,52.95687917731612,126.18033413516487,187.27063209864917,0
1079,50.121395599918074,123.3827117074211,193.28306269423612,0
1080,51.59623197771495,122.75430469362202,177.92083962024344,0
1081,54.31319269066045,123.288863148576,172.22673818079488,0
1082,53.702891682720015,122.95122862154669,160.02710105650078,0
1083,49.424829314446185,119.69962694984208,171.88050148524906,0
1084,45.2113694842271,123.34974250304228,147.1778083828422,0
1085,47.698202750957066,125.2657195133598,126.97107874864679,0
1086,43.85395922569042,124.5325031411458,118.03542549854262,0
1087,44.99856010347099,123.91083487394205,128.2481484402183,0
1088,45.341607432932776,124.6298096633684,146.7440525625599,0
1089,46.50448384126503,122.40204582728691,167.48366437955167,0
1090,47.98169973366976,123.10986016922791,175.4931486476317,0
1091,45.273146308074296,120.54085422316464,174.3422645299196,0
1092,42.46756002495812,120.52078404340236,186.38264996855753,0
1093,44.75997079271175,118.33127040914107,169.36277007253432,0
1094,43.043869234712766,116.26703471818185,141.8648440159851,0
1095,34.98694746596972,119.75200365269066,148.60793138855485,0
1096,37.145276516002895,120.08251859764134,133.73481828770363,0
1097,34.263750894630626,120.72458981127771,132.98247554805545,0
1098,35.90402785938605,116.94069942015473,135.01575011718728,0
1099,40.32920671453807,115.99340921031373,138.98425681206282,0
