timestamp,temperature,vibration,label
0,107.73048279583155,7.447165161566885,0
1,106.73316833547156,7.60866227165006,0
2,107.88042307764042,7.837032166566976,0
3,109.2479700683495,7.9484779568289,0
4,107.13398608479899,8.10270596072547,0
5,105.7834338329457,8.332912000795716,0
6,106.13036602401888,8.631956763887457,0
7,105.9228071869008,9.02862590648002,0
8,106.05027516334809,9.129328465126799,0
9,105.1476207041878,9.365150731586443,0
10,106.29535720168147,9.477109857676842,0
11,107.29116899306328,9.527471514804203,0
12,107.40188478553591,9.59355802634146,0
13,108.75457423389754,9.598511345035858,0
14,109.28410648920084,9.57586404768567,0
15,108.19049406487389,9.480735925792466,0
16,108.5405360781146,9.276428225350289,0
17,107.2688787031918,9.031939955220514,0
18,108.17538969930808,8.93657018043056,0
19,107.94354633243037,8.742501899529502,0
20,107.52818778890362,8.501291080284577,0
21,106.49900917923739,8.289908374040914,0
22,107.73880054281214,8.12624471144009,0
23,107.31449583328994,7.901804495842556,0
24,106.5537891394931,7.602606793710178,0
25,105.88056241177861,7.450043763033484,0
26,106.26866696731403,7.325712136143407,0
27,106.46048653734982,7.1185633613681345,0
28,106.71689634022536,6.957587111236014,0
29,107.00662330100074,6.829685668147045,0
30,109.3645372656638,6.708030457077891,0
31,108.68331553872983,6.5636346839744695,0
32,107.89669199014978,6.439570174046258,0
33,106.77253535079987,6.333513654461527,0
34,107.39071240396245,6.124728386569755,0
35,108.65302022756926,6.088327311460254,0
36,108.45382180951634,5.917400724903059,0
37,107.41415508176213,5.822353813093889,0
38,106.42477762293265,5.926639018518536,0
39,107.23696792372145,6.025335586933237,0
40,108.19133439803265,6.206788918975176,0
41,108.93557844765715,6.27751389593846,0
42,108.25796505283873,6.306332242564329,0
43,108.68418800597124,6.434726632251152,0
44,108.99614325063433,6.6148214097246,0
45,109.45209327398157,6.814664214304232,0
46,110.70987096390091,7.117421808986283,0
47,111.20544386526461,7.315778417820083,0
48,112.25900947199052,7.582810506603962,0
49,112.5868176625783,7.750433641850294,0
50,113.1844274081349,8.037125491222408,0
51,114.19263974626975,8.28804064236587,0
52,112.69076606964404,8.474768882504208,0
53,112.54602994105493,8.694771864569868,0
54,112.20884099873766,8.907296047682722,0
55,111.65425073722714,9.09774679371727,0
56,111.51760374302756,9.432977800371116,0
57,113.48346559020305,9.597034393880687,0
58,112.5920976168236,9.725152070518954,0
59,113.87502989626138,9.678354247838149,0
60,111.9480450979807,9.699276587338058,0
61,111.60864453086484,9.740692182248623,0
62,111.83542716439001,9.717302923553657,0
63,112.53889396202113,9.82783953102388,0
64,113.3608869023734,9.783165553593017,0
65,114.25044211574624,9.823779624671406,0
66,113.73951310138983,9.736257067737167,0
67,113.06369269626435,9.618237040722885,0
68,113.94563438832049,9.463503959453433,0
69,113.54413692476834,9.291875385888948,0
70,111.8197896294904,9.235855278860507,0
71,110.24778181630472,8.838223264338891,0
72,108.9171808302687,8.450841361949726,0
73,109.27490439209359,8.16851836442559,0
74,109.19910196817716,7.9229672877794926,0
75,109.77701792592987,7.727509174632007,0
76,109.01364828319743,7.514689683345598,0
77,108.95718260528838,7.237236703114049,0
78,109.46902174700953,7.079890867533745,0
79,108.87054765651116,6.9350482569518865,0
80,109.20661478519857,6.737709727072097,0
81,108.21877994864614,6.621198625598615,0
82,107.61118305907387,6.471077972978986,0
83,107.00546822082342,6.278529965383899,0
84,105.44946239218855,6.213357058575892,0
85,105.94137044147297,6.129747180723918,0
86,105.31562616436264,6.067392899597206,0
87,105.2991401514367,6.153750229973206,0
88,105.87603614212378,5.95768045969,0
89,106.44335250875889,5.8757446814764,0
90,107.30427610839331,5.843240516233521,0
91,107.27855245464026,5.906638592086283,0
92,106.89159273411528,6.007268192433008,0
93,106.94356024648005,6.034311506063617,0
94,105.09069119942463,6.1274311371729535,0
95,103.54767993978935,6.2520875101634985,0
96,102.17250356134558,6.660744593911083,0
97,101.20306561105788,7.032142192564932,0
98,101.92166401416564,7.238071570189805,0
99,101.08180245493467,7.455698214166365,0
100,100.87867385721603,7.6144283615199075,0
101,102.6884142816879,7.712444395590493,0
102,102.5076108236153,7.949807287878915,0
103,103.63149883681544,8.108848460259038,0
104,102.73841586363767,8.329318660560153,0
105,102.70395395057803,8.41336534901819,0
106,101.75745119195776,8.545931099625802,0
107,101.52254377457129,8.729753540944229,0
108,102.67854290497262,8.906679674219395,0
109,100.7267566510698,9.061075684846765,0
110,101.34052395098311,9.04789549377247,0
111,101.68826814264891,9.178731821050386,0
112,101.00676715121192,9.146193840721404,0
113,99.27149772594578,9.196822473889988,0
114,99.32657417980326,9.164492424361368,0
115,98.62872146005961,8.991919955568061,0
116,98.815473986027,8.874165211543298,0
117,98.72069830672712,8.78239605698039,0
118,100.49520361085976,8.683803921965907,0
119,100.03604458419792,8.500592616476155,0
120,98.61432388577927,8.42961122045181,0
121,98.61739149134533,8.298148925749214,0
122,98.65412926927738,8.05035835360316,0
123,100.04628502852626,7.87149876753447,0
124,100.80170521642265,7.779488939148425,0
125,100.97928402027344,7.68566124008246,0
126,102.48458102260831,7.336754782488047,0
127,100.81135205021978,7.015918826394374,0
128,99.80478087988044,6.895842998293435,0
129,98.46563150735973,6.583922271392351,0
130,97.78579658719131,6.266055824347502,0
131,95.9402495028513,6.0336365866191475,0
132,96.53049836533438,5.89532244968291,0
133,96.1162017633634,5.739501347701571,0
134,94.2302359560322,5.566458004141116,0
135,92.91908213092489,5.420062079544888,0
136,93.23283727899806,5.3006136455248,0
137,94.20711020507215,5.198773919832918,0
138,96.60318727510229,5.381304550015004,0
139,100.13130118971026,5.4365843911090135,0
140,100.69105397850852,5.569986584328463,0
141,99.59606716212855,5.623319314537216,0
142,97.15860987917898,5.7294410342903435,0
143,97.62749299944403,5.819986081233166,0
144,96.82389595876586,5.779781688133831,0
145,96.51899095382265,5.863064653258431,0
146,95.9965379513324,5.930278315241514,0
147,96.05484713046681,5.977553855839465,0
148,97.57289273845164,6.120794468935262,0
149,98.00806432658715,6.473504230486892,0
150,98.06836898926933,6.72061580419915,0
151,97.07625095300696,7.074527372313452,0
152,95.31334472656283,7.354119285666623,0
153,94.96864456671449,7.655593322763487,0
154,95.13136374856659,7.810779805973194,0
155,97.46494280124395,8.064759038690122,0
156,97.81479593428385,8.3165798846885,0
157,99.16601562120572,8.442380375004005,0
158,98.7144902684112,8.634772970105754,0
159,97.41355600263877,8.801066244719747,0
160,96.34787481561818,8.84956096268761,0
161,95.54006500704236,8.822200956972999,0
162,98.12570764136373,8.758949645820303,0
163,97.14004362629446,8.765870089174022,0
164,98.1147517153789,8.760551923278003,0
165,96.9687776328074,8.6346883879743,0
166,97.99420632059822,8.544356287622115,0
167,98.33514922599726,8.469000996585185,0
168,97.9995543833551,8.370826888305958,0
169,97.77870707829837,8.323045024221557,0
170,96.79943813651069,8.23167978352497,0
171,97.12266162190765,7.939513312522933,0
172,96.34942320266464,7.846941966451902,0
173,94.63982695510431,7.5655945150478,0
174,92.85958855871965,7.402471032843054,0
175,92.81602759285761,7.157243495798535,0
176,94.4602706334215,6.873605078393363,0
177,94.40554726250852,6.482276022410262,0
178,94.02431194013703,6.229681530553309,0
179,94.140045064826,5.8776726288947865,0
180,95.49518399849268,5.742993411380694,0
181,95.56491929285687,5.670813116679404,0
182,94.89987434216219,5.4351279638414685,0
183,96.0797914287816,5.311656257790558,0
184,96.47330090100753,5.132626682101912,0
185,98.22374916374446,4.989888976032698,0
186,98.38116901954368,4.989387083474857,0
187,96.8803272260799,4.954825067128217,0
188,95.2385361869851,5.093996910482698,0
189,97.25112866106177,5.0868972675856305,0
190,99.38198899486879,5.22930564305066,0
191,99.25902486658794,5.329557643745549,0
192,98.92019833515278,5.514218138453096,0
193,100.82156085129586,5.62607489131915,0
194,99.66503830653788,5.794042458009228,0
195,98.7848895910633,5.978326254937744,0
196,99.76894490107168,6.123504842131595,0
197,99.52267699647423,6.403729607732208,0
198,99.7554000874498,6.694618859218129,0
199,99.8059819164215,6.988816542011674,0
200,100.46173784210882,7.362440261453693,0
201,102.4013825428139,7.729054312681203,0
202,102.75679773829708,7.9457720446943725,0
203,103.76839362126896,8.214485561208758,0
204,101.53544534286583,8.391855748902175,0
205,101.68904641693119,8.605787330572854,0
206,100.87069379985218,8.751331081915776,0
207,99.58005040103801,9.052868980340861,0
208,98.67389692617597,9.229594197820752,0
209,98.39394705126301,9.333150121500406,0
210,99.58548902974849,9.521098534907185,0
211,98.05627923732808,9.40991077099062,0
212,98.12451598384055,9.280261518800565,0
213,97.54351266384026,9.343928611218146,0
214,97.11882599520673,9.31728713166837,0
215,98.2596739167052,9.274861366822162,0
216,98.81295351345163,9.07629075089841,0
217,100.29683298845492,8.953433800102374,0
218,99.96379680790258,8.96608518748203,0
219,98.95673340020355,8.860088883371494,0
220,98.49457911267451,8.68014169971049,0
221,98.57351210581845,8.432954230520574,0
222,98.55814189312883,8.174130159536949,0
223,97.01800687540916,7.7649249973613035,0
224,96.87988130616151,7.538822923833896,0
225,96.90308883519958,7.355795105383837,0
226,99.67339121311167,6.979079092081581,0
227,101.67889143944859,6.6794524334959355,0
228,100.41613008773835,6.347985931877617,0
229,99.84401181104528,6.043499593458843,0
230,97.87581825245934,5.835714967223067,0
231,96.97344612843074,5.4754390875515595,0
232,97.18023985904493,5.352648448925925,0
233,98.47963483865837,5.265327489068169,0
234,97.48373597943802,5.124241028097208,0
235,96.6063013236984,4.833325419640177,0
236,93.96709301914495,4.691150460692915,0
237,93.7404149590919,4.758303660021965,0
238,92.46551766486041,4.536064117563678,0
239,91.8616693074203,4.539741199987362,0
240,90.87189784248625,4.50780260657705,0
241,90.85124170504146,4.6646271583621095,0
242,88.86296588934151,4.731616296118641,0
243,87.25014096032477,4.911561983229941,0
244,89.97716976845294,5.128731090457668,0
245,88.62578637819652,5.4691528649085,0
246,87.52170684043246,5.6649806657959845,0
247,89.95326131725211,5.922322458199866,0
248,93.67821125138025,6.042387350909316,0
249,92.51904460399095,6.384333743173915,0
250,92.32781232297391,6.574159502456813,0
251,92.98834545123114,6.779965636458415,0
252,95.30949593171896,7.024899120071577,0
253,94.36413676864471,7.1387377034840345,0
254,94.29706159634826,7.384297548632422,0
255,95.44192984400388,7.673758006847944,0
256,96.15717284063624,7.890716420000157,0
257,95.87771782885432,7.935536888560059,0
258,95.86475963688753,8.073261510466137,0
259,94.33588292077155,8.253622076632505,0
260,94.14253335566022,8.195841903013498,0
261,93.88532983651655,8.172322090775152,0
262,94.19541265946722,8.27392453450084,0
263,93.5290199968844,8.295532169236623,0
264,94.0633872685394,8.297010940407597,0
265,95.21618478105611,8.383309056150392,0
266,95.31024104660001,8.32833435077262,0
267,95.61135048275105,8.259967137679265,0
268,95.52750753439204,8.32919741440428,0
269,95.35567653240753,8.14016077606284,0
270,94.29628318488369,7.882806447700932,0
271,94.46401314251015,7.704967003179188,0
272,94.12001098157988,7.5128280426962135,0
273,96.39294362125695,7.231821480300871,0
274,98.03425619702612,6.902516411535384,0
275,98.24660559296532,6.8366374981739835,0
276,97.080270474203,6.612118508676418,0
277,95.4986634006218,6.306822370963152,0
278,96.6891656132888,6.141227464105875,0
279,96.77720644063128,5.905237609146895,0
280,97.14131536831971,5.672943937059954,0
281,94.85428847667825,5.524402059540684,0
282,95.79528238085386,5.249119204387947,0
283,96.19295742125864,5.129700015248861,0
284,94.73944234603326,5.1617381459393945,0
285,94.08115364943505,5.106573431256913,0
286,94.3351528257958,5.014014994087166,0
287,94.36663402842413,4.941967616253741,0
288,94.01602860545987,4.909140418386132,0
289,93.92332163917987,4.920302359541475,0
290,93.68341025419869,4.952539305787883,0
291,93.95894419637992,5.118303148732116,0
292,95.84573281789972,5.100644674403405,0
293,92.9133720542346,5.317234043888826,0
294,92.80108401051719,5.458791395571631,0
295,93.20642262343655,5.6824709256996915,0
296,93.7736785674426,5.804375049265137,0
297,93.55463931269111,6.137923777447165,0
298,91.68544250475645,6.4764439053005605,0
299,92.32575039241449,6.7999244545616655,0
300,94.64923711654012,6.929410539626789,0
301,93.05926989776937,7.24640669244068,0
302,94.34257682140829,7.525508406652637,0
303,94.18721588470046,7.635956037921677,0
304,94.3408849125399,7.8612704900540855,0
305,93.2894698560767,8.102496405558274,0
306,93.08164615652208,8.340506134736554,0
307,94.81363194385503,8.526619317786663,0
308,95.66044759969273,8.697547196586905,0
309,97.86021978011267,8.936434361895161,0
310,99.36557297454418,9.126976002346282,0
311,99.95493845812673,8.960073074910733,0
312,102.07913884492726,8.966156945922885,0
313,102.60593063541322,8.952984863719369,0
314,103.56803749217052,8.781338022502048,0
315,103.1496908790618,8.72641119829356,0
316,103.13708693043458,8.733852892428132,0
317,102.17918008854623,8.525929209732876,0
318,103.2190514446076,8.405211919375615,0
319,101.63315482317556,8.1600137674977,0
320,102.37845152680433,7.912737098330896,0
321,101.93760710141662,7.818865432682985,0
322,103.11584537074334,7.548202564239966,0
323,103.77801882618121,7.34631023232117,0
324,105.71608090815626,6.949899475835193,0
325,106.34234407039403,6.848218413618176,0
326,104.20522929648153,6.645764142194088,0
327,103.87817218180257,6.384450847580954,0
328,102.23289421964917,6.191625237341314,0
329,101.38370016597555,5.851581440191403,0
330,102.98511112952613,5.734120743150111,0
331,103.55662799533091,5.514678253837956,0
332,102.54597920734221,5.326420418939872,0
333,101.18188900216128,5.13945860429019,0
334,101.1002292596848,4.972008238142529,0
335,99.54789815276916,4.935122959414539,0
336,98.6800683510262,4.893134038555802,0
337,99.02300076148852,4.91379493446888,0
338,100.40937520481656,4.913091359310034,0
339,101.17136792688504,4.9856262995953715,0
340,98.4842819854344,5.014579868948441,0
341,98.94198098792897,5.285417343919465,0
342,99.14941952973608,5.280981164533039,0
343,99.79371723763578,5.529485515870537,0
344,101.9051011293114,5.810850385622405,0
345,99.62273890441817,5.936201388417598,0
346,99.12547795057033,6.326606433643579,0
347,100.06182378075644,6.63350389911329,0
348,98.40277983245134,6.950064350698755,0
349,100.42063199731666,7.199019432861938,0
350,101.11332639968604,7.432307807333037,0
351,102.37989364982676,7.666221568298489,0
352,101.94147456320171,7.94417732320515,0
353,103.1568603222008,8.295141556247508,0
354,104.66628443222173,8.536904936510508,0
355,105.15780121276784,8.676052603041025,0
356,105.63260599127871,8.935530475304265,0
357,106.12895015211097,9.18115480871004,0
358,105.24056519987619,9.381156936438323,0
359,105.18452903751576,9.561795102888324,0
360,105.0939609262312,9.632579780133973,0
361,105.61649503232246,9.620722115630597,0
362,106.84776308401399,9.582745596578501,0
363,105.5775197856399,9.451908536701872,0
364,105.39602999385724,9.439385470226386,0
365,107.11131518218093,9.370248098701184,0
366,106.1265503799476,9.242590154680546,0
367,105.0188521052712,8.885142394804927,0
368,105.11399017001618,8.63772763177695,0
369,105.95532012490435,8.555462610194995,0
370,105.77550768430473,8.308768822917514,0
371,107.15819723644759,8.125553000748548,0
372,107.95909177269336,7.7870399235164545,0
373,108.73040652192178,7.663267031065548,0
374,109.14863301630959,7.405031511060061,0
375,111.69115026959629,7.177568275650151,0
376,111.19428977582842,7.112964191872064,0
377,108.54334971814751,6.987566092718131,0
378,110.22958562092842,6.724171511975507,0
379,109.45308806094616,6.449455654351804,0
380,109.37048143777629,6.211348897048728,0
381,110.74841855233649,6.058617049654421,0
382,108.65377482937159,5.878266845220149,0
383,107.00416880699176,5.69901794816742,0
384,104.96163702852112,5.695394194296135,0
385,103.91621455283234,5.5937984752956345,0
386,104.38131701118567,5.715304133871554,0
387,104.97886346716183,5.691084583572559,0
388,105.3103924823561,5.833910055110538,0
389,103.64655237708442,5.893974564326553,0
390,100.93688972199232,6.033472879053578,0
391,101.09457295211905,6.067962922590427,0
392,100.64943996568104,6.120660438711441,0
393,101.34833225719342,6.305066280565091,0
394,102.36260888235314,6.556082813656515,0
395,102.722022308096,6.752827041088981,0
396,103.84624516692854,6.861978730663812,0
397,104.3485570587007,6.980416304194739,0
398,105.2235040364621,7.105114723059485,0
399,104.62460942821934,7.210418261225434,0
400,104.65974219875021,7.469843557109808,0
401,105.14653998186716,7.810513537975057,0
402,106.37788745956915,8.056153582222171,0
403,106.14426738393934,8.11418973267479,0
404,106.99692633365193,8.3261871386821,0
405,106.88998293973499,8.525226375333006,0
406,106.94245604621366,8.886429982623483,0
407,108.10981117033677,8.941791223284117,0
408,105.86576809052423,9.058166380528633,0
409,104.43099955076252,9.315632848900206,0
410,102.7448360014894,9.444090043866199,0
411,100.0069581265385,9.551616558614583,0
412,99.22451975375147,9.59226226897566,0
413,100.12384043342476,9.618657752068241,0
414,99.7505005983665,9.649387559091359,0
415,99.92538722782965,9.522167184712865,0
416,101.13998929622433,9.499952943367255,0
417,102.61221440101755,9.269114448088402,0
418,102.38161951389374,9.147754520462474,0
419,103.83399030768281,8.990121523831181,0
420,103.75101859053132,8.747294369503383,0
421,102.53407756555684,8.533416391095816,0
422,101.5935389000843,8.2563549360485,0
423,99.57802575396663,7.931749498859915,0
424,98.26555182228513,7.65674701232971,0
425,97.58526532946722,7.317761454371384,0
426,98.29890088559293,7.092918784370222,0
427,100.117111375791,6.754198637636934,0
428,98.21962422629892,6.572287468436572,0
429,98.46375894537675,6.250510900168194,0
430,97.00304306200618,5.993144150540198,0
431,97.3791558608896,5.749652170610554,0
432,97.04991960637012,5.683731635226341,0
433,94.70520324990062,5.562525465423208,0
434,95.6981613858548,5.424588507291656,0
435,94.87970160282606,5.37202713491896,0
436,94.17655984791071,5.140990278265518,0
437,92.86137799896392,5.106060635695076,0
438,92.07623806693886,5.265861769919459,0
439,92.62118555117192,5.307928445830838,0
440,92.45655381091531,5.375822968231454,0
441,92.94340714131255,5.512132166261096,0
442,93.49871161995517,5.704778839654259,0
443,95.23113497204142,5.692610869675512,0
444,94.99172386469837,5.72995702482644,0
445,93.41301819175592,5.940304035385751,0
446,94.90574824802381,6.095177066815476,0
447,94.73522068434117,6.427397330627129,0
448,96.31160094887369,6.64105271047597,0
449,97.01836679189375,6.73300355882002,0
450,97.11166822277835,6.882228912601107,0
451,97.78086576276252,6.912921298159282,0
452,100.36879414211516,7.1409045623777345,0
453,103.10004010801934,7.364703163236243,0
454,103.41055571301271,7.558004389287751,0
455,103.81484758137475,7.8563778687916574,0
456,105.29985947760683,8.145783162985412,0
457,104.45699851198022,8.304084362811134,0
458,105.00431232457456,8.280938234865427,0
459,105.09427516095795,8.451319015232826,0
460,105.56342394236529,8.588206761171785,0
461,104.62584284409307,8.675419555651406,0
462,102.74984080752148,8.785416890995222,0
463,100.26226068433192,8.69223064327834,0
464,98.88992079334523,8.821452118773983,0
465,98.27704898255095,8.682236429655568,0
466,97.83276015091417,8.649715336173363,0
467,100.0364392919016,8.393729266692295,0
468,101.2160019703379,8.171678726258232,0
469,99.88956035703374,8.12105594430207,0
470,100.11328679270247,7.906660251189562,0
471,99.41272975270054,7.761790903218659,0
472,98.84423490421837,7.553489091482138,0
473,98.82775635247717,7.306223107962467,0
474,99.32404838564656,7.168617826755996,0
475,98.66627173785712,6.899018653655222,0
476,99.69222711000975,6.505893137921552,0
477,98.07518793143775,6.194920623364301,0
478,97.84392547523285,6.000146630620805,0
479,100.73387570431376,5.804529116295719,0
480,100.7895082390826,5.467101299895381,0
481,102.31584193973755,5.215630191070282,0
482,102.25373387985118,4.997160209439893,0
483,102.8030370287945,4.820293276458313,0
484,102.61389894159527,4.589221935442173,0
485,102.31695091653995,4.446493319134352,0
486,101.31911057160238,4.325743011446516,0
487,101.80399324695227,4.355986716828305,0
488,100.78214861992936,4.420716421707523,0
489,101.61232985890463,4.440530540459581,0
490,102.97713573310679,4.471628825656994,0
491,103.50943234944974,4.575281698278396,0
492,103.28693212311092,4.630953943609951,0
493,103.9793201837338,4.686836742489015,0
494,103.78084479077229,4.783551319469147,0
495,105.09702504860293,4.926289973623872,0
496,103.11140090392628,5.045275226021992,0
497,102.93593030501799,5.285498233581108,0
498,100.78582524190882,5.5827448185234365,0
499,99.23846555283728,5.70249026166069,0
500,101.12576669574257,5.955167025686565,0
501,102.4506551412372,6.18823862919388,0
502,101.83399216849658,6.462272631237937,0
503,100.26985735228715,6.700106860829283,0
504,96.93968098971125,6.811077161268838,0
505,96.49954953657358,6.922149173741767,0
506,99.5975712585429,7.118026767061007,0
507,100.29136465799347,7.372261514334839,0
508,99.76750728018655,7.3427558901038585,0
509,100.44660178551493,7.491412270415987,0
510,98.66591068957986,7.679040958497278,0
511,98.37158412320977,7.729260357267846,0
512,98.52243604622782,7.8047555123491295,0
513,98.41911526404256,7.748509985877305,0
514,99.33660365467149,7.707481734535988,0
515,99.68771645728768,7.51534718420427,0
516,100.397248751359,7.235340791872488,0
517,99.4502037587541,7.189763802042494,0
518,100.37995288339431,6.963334842372095,0
519,102.16274494684887,6.754960341077611,0
520,100.80504181599477,6.4505212535435765,0
521,99.52774387275576,6.125660520915339,0
522,100.90342683350599,5.8844952620737105,0
523,100.43494471843225,5.587259755503201,0
524,101.87281708171103,5.370784128141691,0
525,101.0911077603118,5.1563207345314375,0
526,102.58649598470802,4.931322239108784,0
527,102.49756565767348,4.703696995181975,0
528,102.56857091462106,4.591049120536866,0
529,104.2189742977909,4.278383376179216,0
530,103.57278656847635,4.061925430501455,0
531,102.24991634609398,3.959016908870604,0
532,101.53970702276575,3.8882478199234374,0
533,101.93487839808506,3.6268773625234285,0
534,99.93496925754044,3.480890673262944,0
535,100.60747541306353,3.497081433274053,0
536,99.89848836305515,3.475266292822913,0
537,101.24438460053626,3.4594083799421287,0
538,98.37127223465569,3.4419936044673562,0
539,97.45887225992986,3.4427684858099057,0
540,95.497571947316,3.528287479724197,0
541,94.59855551533754,3.600556477383712,0
542,95.01675285059628,3.718148441628158,0
543,94.94931026550903,3.8720657035698194,0
544,94.81718945646563,3.9897522549845506,0
545,94.81969131808198,4.225846312167485,0
546,95.27582036320743,4.671049040422246,0
547,94.29283535570977,4.7561483521102215,0
548,95.37992425582827,5.020938685085078,0
549,96.42183672749195,5.206836785196652,0
550,97.1345487198079,5.5036954585268125,0
551,98.05305531823798,5.758086523521634,0
552,98.6554702264095,6.065748212646145,0
553,101.33642752072642,6.398658069806479,0
554,101.4591727582975,6.64131000206202,0
555,101.30273605267752,6.94393734151668,0
556,100.59202666352108,6.949917217286004,0
557,99.52524373252189,7.249085674813496,0
558,98.17950695285305,7.426720012417325,0
559,97.23394843090395,7.633945734804954,0
560,97.24159090057972,7.628814602875894,0
561,97.70520652364405,7.62481448121454,0
562,97.79805594930582,7.667968500145286,0
563,96.87941361639017,7.66660546899829,0
564,97.92815613781495,7.657772000639925,0
565,98.75298987570902,7.68207174464725,0
566,98.46895297914432,7.448395191764749,0
567,97.56445535161866,7.405302463574131,0
568,98.07493949116197,7.258335650918305,0
569,98.1285755224511,7.070100828334151,0
570,96.19729910388061,6.758887902310919,0
571,95.90365964031781,6.587068639399566,0
572,95.99084437197298,6.166681768482996,0
573,94.67234129714805,5.979683958342461,0
574,94.65344006135187,5.613602184303509,0
575,92.65698661191392,5.367212350184314,0
576,94.00974346479991,5.107012376069459,0
577,95.26057013967012,4.9538621206518565,0
578,94.71868000746693,4.700700376091113,0
579,94.92756697003973,4.417911048365374,0
580,91.82359745469837,4.165319676306176,0
581,90.24245655510752,4.073626590534108,0
582,89.7179895772308,3.9445980743743894,0
583,88.28380058606609,3.766118310400077,0
584,89.02007811129488,3.626204342874914,0
585,91.3243750205342,3.4083712479698054,0
586,89.84997588835196,3.37698771517086,0
587,88.81354084805058,3.2047235031560555,0
588,89.0960788900225,3.264867220422892,0
589,91.0608972236212,3.3066359032213586,0
590,89.65650951744038,3.560053516054345,0
591,90.04781179186699,3.5645015994146636,0
592,92.35436866677074,3.677286886059427,0
593,90.51988705440806,3.968779267585715,0
594,89.15453627988727,4.236022712503237,0
595,88.83973205940669,4.373849455649265,0
596,88.42708912036171,4.603830006300666,0
597,89.62946890850014,4.831248197647932,0
598,90.15832990332481,5.092673998079124,0
599,88.27508873895538,5.283492870401451,0
600,89.14424768956493,5.527013705313984,0
601,88.70186749186678,5.64983598242047,0
602,90.47791745939735,5.907359165771002,0
603,89.9636817467127,6.182230150684406,0
604,89.42700164982409,6.391294840506956,0
605,90.28842273917105,6.4741539256417,0
606,91.39745822524779,6.7467601819422365,0
607,92.10710973566545,6.947854458675871,0
608,90.2320223202561,7.037402616312236,0
609,90.99866190209804,7.1359528344932075,0
610,89.84995116774702,7.108358209928933,0
611,90.19474397052001,7.0887868685737665,0
612,88.5177416034403,7.077240916264364,0
613,89.05332818049197,7.175514581246775,0
614,88.05393053992397,7.09287535457661,0
615,86.45230749074427,7.081630978455845,0
616,87.21643272686488,6.946106754568647,0
617,87.38540789894898,6.844944305508797,0
618,86.50100637182504,6.686003299884835,0
619,88.07048871695612,6.583915554198044,0
620,87.34818210380001,6.34760693986814,0
621,87.1746481561836,6.009741523486419,0
622,87.27008605056386,5.671927358143266,0
623,86.28761759856987,5.390507827588188,0
624,86.6062678434487,5.043869722732858,0
625,85.7154585597224,4.826020216858601,0
626,84.97082610593436,4.538092296541361,0
627,86.35928396649727,4.481347513342363,0
628,84.8717113724427,4.10346101469176,0
629,81.74911673249323,3.892493426154458,0
630,83.47017797012597,3.590194027892477,0
631,86.33584780598196,3.3571982133894447,0
632,85.67759241374856,3.196579497562478,0
633,83.20575739955189,2.8629204221200926,0
634,82.71217837418874,2.760868257535119,0
635,82.27625190672167,2.82064192685879,0
636,81.9858818286279,2.721905394122228,0
637,80.6183372229225,2.711211067267504,0
638,81.31381059389429,2.7932048027175345,0
639,81.97469839963675,2.8115674781145366,0
640,80.24387312472065,2.8275521318990897,0
641,81.17536813041279,2.737952147259623,0
642,83.75958836267587,2.9102296587392216,0
643,84.1135701270528,3.048805551413369,0
644,83.88071220626477,3.139723116996506,0
645,83.90383205624819,3.343374561091162,0
646,84.85420333299196,3.5087432889281693,0
647,83.0046556492174,3.693727441273013,0
648,83.44079382382978,3.9811000648013404,0
649,83.21895039167553,4.120742779096545,0
650,99.54472852388915,5.000450006593912,1
651,97.97837741361727,4.96893977669389,1
652,100.9821091434525,5.071303387744113,1
653,102.41260990172081,5.738598360117241,1
654,101.83037813703714,6.106934358772236,1
655,103.23504165557225,6.11198555796105,1
656,103.17739490220816,6.430531675461239,1
657,101.0543928212272,6.574238553103498,1
658,105.37165989454337,6.374168252674815,1
659,104.19833475891608,6.696709700642768,1
660,98.38766485068291,6.993481122445352,1
661,104.85413383521158,7.050243163891342,1
662,99.13938619299616,6.818054727186817,1
663,95.95813562797166,6.912636103039537,1
664,97.29287526958767,6.978069756245218,1
665,95.24122765888113,6.949524729077966,1
666,95.7857030744441,6.608021658254843,1
667,95.46072784505768,6.412228479194043,1
668,94.53468053517513,6.173199892078268,1
669,93.58073649079164,6.185721935494991,1
670,93.65744177715352,5.917473044174545,1
671,93.71503634978491,5.893089386264508,1
672,92.85620172614959,5.62675296488865,1
673,91.53227104745658,5.392841802543048,1
674,85.75071599236146,5.083959309488701,1
675,90.10370648713648,4.881736083166923,1
676,88.35431040988874,4.5986913550057205,1
677,93.93087140024703,4.109027665318572,1
678,94.05958288106868,3.670239754037178,1
679,96.15240771493795,4.050671880970551,1
680,97.26152068223286,3.57075445961961,1
681,95.45443678973321,3.012331887946539,1
682,95.097047824759,2.9479965664928827,1
683,96.68908421280412,2.9928271075061685,1
684,93.61420799165525,2.7915159982615565,1
685,94.21048522501691,2.712179239982319,1
686,97.46705534573451,3.092584212177338,1
687,95.52824732761094,2.8508097520186304,1
688,98.24991870038842,2.808213795644678,1
689,97.46380373311538,3.006852654478518,1
690,93.98589422465072,3.0038690511350206,1
691,98.41228562112926,3.0510616009393177,1
692,99.01496157999495,3.188036455683378,1
693,95.02852109750732,3.1370679233827845,1
694,92.13420888594052,3.271378066166224,1
695,91.15631484714422,3.3335841114364637,1
696,89.35565504867644,3.4998150043553395,1
697,91.01916405473595,3.8016171442111686,1
698,86.56411893309641,3.9842764251798637,1
699,89.91303645332596,4.544945917470856,1
700,87.46901932445104,4.724718568420228,1
701,89.91606167680574,4.8993978582550985,1
702,89.6787177333123,4.905948992644306,1
703,95.45439935205948,5.421593223214748,1
704,87.7667960192329,5.723101273639717,1
705,93.64610112910172,5.994309598033564,1
706,89.57372180966158,6.40222409777597,1
707,91.04310364415366,6.15416202797907,1
708,90.22211205962256,6.363446797376823,1
709,91.90340131393879,6.704821160081722,1
710,90.54329547730532,6.706742041785053,1
711,95.3063180098466,7.1352135465427935,1
712,89.51045204675978,6.537240943137593,1
713,93.30884418518337,6.570908227093114,1
714,88.76069315080699,6.414786967467858,1
715,88.64103923016312,6.5209211554985815,1
716,84.24430107092898,6.6132691960460805,1
717,88.61096871366117,6.460489126244536,1
718,90.41844185733676,6.252630468811663,1
719,85.36581611747202,6.312342614885855,1
720,71.24253251746165,5.184693686473299,0
721,72.3840919898993,4.971998168861939,0
722,69.41994833261892,4.766647317892529,0
723,67.38511257369527,4.503716820065132,0
724,66.03093553621987,4.10883056443195,0
725,67.53368370915567,3.8321082484974593,0
726,67.62212162153017,3.555257346948408,0
727,68.29618900288257,3.2966982473835014,0
728,66.68912656889144,3.0127512023098637,0
729,65.11842527573273,2.7500519872164597,0
730,65.44373857941845,2.534812328247175,0
731,65.32014406926857,2.3766849893723325,0
732,65.80669837821132,2.1803985746496073,0
733,65.43386382364471,1.9999972949277063,0
734,65.64663804146227,1.8863873640600475,0
735,65.74392201569013,1.6402551623301698,0
736,66.61478141372497,1.6159565036412176,0
737,67.55171239665917,1.5844325004722088,0
738,65.60786600338905,1.5876079826000142,0
739,62.94262269237919,1.6959456826067334,0
740,64.20717863842808,1.6021819090699456,0
741,65.72490767800066,1.5367341271395014,0
742,64.62115830851266,1.6796366886933838,0
743,62.53698518611033,1.826696705735543,0
744,62.82775924501318,2.012243134885106,0
745,64.13828882390628,2.1687966761437503,0
746,66.50746540720894,2.4340081264644464,0
747,67.35428073656477,2.735877476737822,0
748,67.1470900317016,3.013465391293603,0
749,66.32204659300085,3.239312421822322,0
750,66.58645461013421,3.321363737941762,0
751,66.47800343260054,3.633569101713354,0
752,65.50663525292708,3.978020702211875,0
753,68.20401136500264,4.268454706210225,0
754,70.57347169032327,4.425341554854886,0
755,72.14879326697131,4.691308262729835,0
756,71.2372964968728,4.9536743466391915,0
757,72.43525195972371,5.25031192015731,0
758,73.35043301657366,5.327852491671534,0
759,74.00248601954652,5.430734378836018,0
760,75.59454326765734,5.582975070585756,0
761,76.41945010795794,5.650029345167877,0
762,77.33894614692231,5.592122092402945,0
763,78.10323368696896,5.625291395205081,0
764,78.48070442117232,5.640105370511131,0
765,76.27790959664824,5.584680933350539,0
766,76.28579596188264,5.509788799866673,0
767,75.49736735733568,5.3680940738038005,0
768,73.8139288427152,5.338727023208644,0
769,75.66017651218199,5.094739374817421,0
770,77.54144721397239,4.854230006523878,0
771,78.96044877794562,4.643045691224578,0
772,79.03944663533862,4.486103770606589,0
773,80.42132744944215,4.127444585959369,0
774,80.18907795896322,3.7759075387770205,0
775,80.18176822411196,3.3622227910296503,0
776,78.61893611242895,3.11417194192129,0
777,78.84861237062648,2.777994169343681,0
778,78.68220615369613,2.508360829502589,0
779,76.8917653706607,2.334012841859864,0
780,76.61826568009927,2.0706262678157086,0
781,76.32906649619865,1.8956051223627366,0
782,78.31420762247804,1.6997258160484083,0
783,79.23963425124167,1.605865595803664,0
784,79.13237052422342,1.5228775872635025,0
785,79.33845636832645,1.3750639639112603,0
786,79.32904975318442,1.299110354772157,0
787,79.0540740160306,1.3511308711906282,0
788,77.75516137916465,1.3826010208109543,0
789,77.6053780814355,1.3023230115900297,0
790,76.77252164231955,1.4172339253508048,0
791,75.36460192327004,1.4229240032141772,0
792,76.0990663546551,1.6569233027390726,0
793,76.71621331202742,1.8864805753787968,0
794,74.74409657207994,2.0816036871464787,0
795,74.7903987143582,2.2877060218937926,0
796,76.19730353381964,2.483046597793125,0
797,77.69563026332928,2.7645867567391873,0
798,79.16550380583122,2.97379383422188,0
799,79.45891296131406,3.2393527310741574,0
800,78.6955250348797,3.5597739475243344,0
801,77.64575290917864,3.7654958911709087,0
802,78.30599210208017,3.9629137791727387,0
803,78.99999747435801,4.106233871754441,0
804,80.77205305111815,4.248334294898408,0
805,82.30409178791017,4.314125826364615,0
806,82.33894110734518,4.566035836758276,0
807,81.01782632640635,4.882681273819109,0
808,80.78252777544573,5.1443369547491775,0
809,81.16420346314638,5.135248449587073,0
810,81.01416249633735,5.285695750969833,0
811,80.38315103551125,5.461925727830793,0
812,80.71809176887429,5.456859884770868,0
813,80.11334247918155,5.464975679222872,0
814,79.32818422331194,5.272865279759332,0
815,79.639466155609,5.231742704330398,0
816,79.06461613179567,5.054198998317349,0
817,79.23654314464171,4.94917154582227,0
818,79.4167586066118,4.676645946594702,0
819,77.8775115316077,4.548142330858699,0
820,77.10649847569678,4.436579637620416,0
821,78.61976764721504,4.161862092301702,0
822,76.9980139890998,3.843650042954781,0
823,74.21915931929551,3.432298868511124,0
824,71.73823182820341,3.164272478584025,0
825,71.5224972969668,2.8670784967128746,0
826,71.30893156347743,2.4923304765964374,0
827,70.92108522976618,2.2818586699002976,0
828,72.13924369344075,2.006991708311493,0
829,68.70458413088315,1.6936745887857882,0
830,68.9676416238186,1.4372456399530256,0
831,70.64784375871048,1.3294262957949758,0
832,69.1225745671462,1.205728977601183,0
833,68.51917738754588,1.047697527228861,0
834,67.49470883294353,0.9762276747780332,0
835,66.32903464999222,0.7908957906088312,0
836,65.8750587750975,0.731023929799919,0
837,67.55656216011974,0.7113307608396695,0
838,69.76142617070477,0.673743840159772,0
839,69.38977805605576,0.7400594624355277,0
840,71.73831178180019,0.7400862549310434,0
841,71.87346248184002,0.8733308392114056,0
842,74.09888996780931,1.0384777948619097,0
843,74.13456095367758,0.9527343698586035,0
844,74.46376261862714,1.219891099833603,0
845,75.09585569307097,1.169604201877823,0
846,79.12254326469352,1.3323834362148352,0
847,80.37134419734136,1.6416695217895414,0
848,79.76149609243926,1.8551559148090047,0
849,81.17100684397138,1.9845743434125274,0
850,80.98747426659875,2.1477418456037864,0
851,80.65044051424593,2.480560772438057,0
852,81.98747545331759,2.57355371719528,0
853,82.26364748968258,2.9027423363118734,0
854,82.82519682993085,3.125592411222576,0
855,83.05404225255072,3.2422639411687078,0
856,83.65146571174967,3.3891384426569116,0
857,84.33335706236723,3.4796927690629715,0
858,82.15662610857319,3.6966201505841143,0
859,83.07751156483265,3.876212629293156,0
860,81.99154718869455,3.831138666241335,0
861,80.32324969489034,3.8613127656268564,0
862,80.28463515765908,3.823736868038484,0
863,80.38541236163643,3.927217665515234,0
864,79.52172600875052,3.7877307806659575,0
865,80.45650276908502,3.853607640173686,0
866,78.75343364178167,3.7584851333540574,0
867,78.14410288932658,3.544532126915649,0
868,77.29462456195455,3.3427208267424655,0
869,77.06678756385314,3.106659045786781,0
870,77.20790099815737,2.8111658663530994,0
871,75.78636630222762,2.6066888587500276,0
872,76.42824727234103,2.281197371860621,0
873,76.26498078330299,1.8678987441218802,0
874,73.74793197212762,1.59081131925294,0
875,71.14695577652257,1.195916356410917,0
876,70.88150615787877,0.885077019836894,0
877,70.36963206933405,0.5656354815475123,0
878,70.00665860200485,0.2570688647458157,0
879,69.74582141133453,0.18988767003896712,0
880,69.80443006236521,-0.017662560968994878,0
881,70.74808588691072,-0.19155658752180948,0
882,69.24282773211547,-0.505600724923384,0
883,67.68883245518207,-0.7055471410667826,0
884,66.25584557178918,-0.8093211845994908,0
885,66.51008664473338,-0.9837424252907925,0
886,67.94156203024204,-0.973558866676421,0
887,67.39247574895546,-1.1012535489476722,0
888,64.39043593596386,-1.1241628398168864,0
889,62.37712345623058,-1.1395680156157673,0
890,61.439940857742435,-1.0639608939981497,0
891,60.863125120406465,-1.022741172088301,0
892,60.49405702162879,-0.9234144083259732,0
893,60.68798373465834,-0.79467545021577,0
894,60.48582041136559,-0.6814941971128854,0
895,61.93855165129014,-0.4491629803606543,0
896,61.339394040854,-0.21802875399215726,0
897,60.531870732317415,0.002140373221649172,0
898,61.34539070958163,0.20657303758435053,0
899,59.7493335328714,0.5170098672270639,0
900,60.467630046383995,0.7488095948505223,0
901,60.841360333984106,0.97494027895304,0
902,60.91114265328345,1.2300287885452312,0
903,63.0559433129022,1.6046250542225302,0
904,62.5365526213826,1.7246548004148952,0
905,65.220973582393,1.9983065082408276,0
906,65.14397955059174,2.0403765226142427,0
907,63.78349209032166,2.2296906489667228,0
908,64.01502495296789,2.503326640627865,0
909,62.8445289665134,2.6634183765132784,0
910,62.034880876795455,2.7695273104547224,0
911,62.573782305681114,2.787152821817543,0
912,63.27195976746043,2.821115553255794,0
913,62.52535852715532,2.800950528023526,0
914,63.67876574581184,2.7065934439898527,0
915,65.00531358657013,2.620941925884798,0
916,66.63641676678782,2.544353491076653,0
917,67.15071460141067,2.3619778716661743,0
918,68.63919969046106,2.149845960558957,0
919,66.21030930319799,1.8690942118573932,0
920,65.63529773757136,1.7068285066720426,0
921,64.38282827360176,1.538391211247904,0
922,64.29864106412056,1.3296658039527647,0
923,63.37403267004485,1.168010112331427,0
924,62.92792995250403,0.928326216096744,0
925,64.9358733416203,0.7090206239574119,0
926,64.48154311878724,0.48266115087982414,0
927,64.73138059221442,0.22862464212528077,0
928,64.21378806526565,-0.0527104351647768,0
929,64.07738576797979,-0.10283646873548458,0
930,63.87254262812158,-0.35105570350526905,0
931,64.2170078000169,-0.5978496276673666,0
932,65.44344456897932,-0.7350611154855473,0
933,67.27268800065087,-0.8625421277143901,0
934,67.52323384501388,-1.09592370545122,0
935,68.13823118059831,-1.0985683727444053,0
936,66.69473230070855,-1.1685654076395382,0
937,66.55780125441065,-1.2889188506559608,0
938,67.68614861227096,-1.1938161215076546,0
939,68.7567899337707,-1.1122831203807932,0
940,69.07318308199183,-1.1509850108695598,0
941,70.22931476113163,-0.9163514559906811,0
942,70.93923306585225,-0.7426494125933576,0
943,72.52722994121586,-0.5958357363909181,0
944,73.0463932032586,-0.29668595824698585,0
945,72.81307893184577,-0.09041842826819768,0
946,73.42815159654694,0.11939808210502922,0
947,70.13869658835766,0.29383231565733026,0
948,70.83702880305937,0.5792496818415273,0
949,66.7056467200027,0.8640912264285308,0
950,64.88815709824485,1.115932104748357,0
951,65.68094588650261,1.303399663567542,0
952,66.50069439842386,1.5605073591019143,0
953,65.34464919329564,1.7937927872806285,0
954,64.71738498587497,1.9143730846159532,0
955,66.57409732859342,2.0086912528915213,0
956,66.18678487797864,2.2474272304687237,0
957,69.05022152655644,2.2112084389588187,0
958,69.19554706819727,2.3752706465681617,0
959,69.8061887343828,2.458022255875859,0
960,71.8388969402394,2.6551409120845184,0
961,72.05859094853858,2.6781249242192904,0
962,70.88725712710878,2.7623626167586064,0
963,70.75558418507563,2.7306095094595855,0
964,70.68137234624837,2.7082304063393075,0
965,68.98122089473941,2.7047158599458445,0
966,68.58176348147217,2.575252474981617,0
967,67.57013471474723,2.533978611813491,0
968,68.53173465791967,2.3068534161924976,0
969,68.4013366332478,2.158488569902978,0
970,67.8684580269983,2.0387760404535884,0
971,67.52897655386965,1.879515883415265,0
972,67.569464733123,1.8055732307200367,0
973,68.0707724417111,1.5056287542955524,0
974,66.62440446010676,1.1485835069865802,0
975,65.12383283383258,0.8183702311783214,0
976,66.19878142518702,0.6205391693736034,0
977,65.45726387134027,0.41365969691406773,0
978,63.51818402918438,0.1829708986462284,0
979,63.82350103761,-0.1341239081164548,0
980,64.16748164846771,-0.2848376810316322,0
981,62.13709963248725,-0.5763377705160959,0
982,62.240545417349345,-0.6555540776201738,0
983,62.975615762810946,-0.574588369221426,0
984,63.303881250930466,-0.6662705314237036,0
985,63.96980010378588,-0.7120808082293495,0
986,62.222215717209906,-0.813971058608076,0
987,62.58798494780618,-0.9902670796941848,0
988,62.224841236441634,-1.0384846287366045,0
989,61.67697200137122,-1.094437292625344,0
990,62.784100201541975,-1.1477361898714664,0
991,64.6516885420093,-0.917488466853553,0
992,66.92593086145774,-0.7746612114834919,0
993,68.6513296727173,-0.5966568395818976,0
994,68.69158092845528,-0.4494463551034069,0
995,69.3083688313593,-0.2697523344264636,0
996,70.44061943388189,0.01947487653418345,0
997,70.81329121587535,0.24414614987267758,0
998,71.20907757240886,0.5254709959542874,0
999,72.44429463786136,0.7565039593277711,0
